0.05-0.2Hz,0.2Hz-0.5Hz,1-10Hz,0.05,0.06,0.07,0.08,0.09,0.1,0.11,0.12,0.13,0.14,0.15,0.16,0.17,0.18,0.19,0.2,0.21,0.22,0.23,0.24,0.25,0.26,0.27,0.28,0.29,0.3,0.31,0.32,0.33,0.34,0.35,0.36,0.37,0.38,0.39,0.4,0.41,0.42,0.43,0.44,0.45,0.46,0.47,0.48,0.49,0.5,0.51,0.52,0.53,0.54,0.55,0.56,0.57,0.58,0.59,0.6,0.61,0.62,0.63,0.64,0.65,0.66,0.67,0.68,0.69,0.7,0.71,0.72,0.73,0.74,0.75,0.76,0.77,0.78,0.79,0.8,0.81,0.82,0.83,0.84,0.85,0.86,0.87,0.88,0.89,0.9,0.91,0.92,0.93,0.94,0.95,0.96,0.97,0.98,0.99,1,1.01,1.02,1.03,1.04,1.05,1.06,1.07,1.08,1.09,1.1,1.11,1.12,1.13,1.14,1.15,1.16,1.17,1.18,1.19,1.2,1.21,1.22,1.23,1.24,1.25,1.26,1.27,1.28,1.29,1.3,1.31,1.32,1.33,1.34,1.35,1.36,1.37,1.38,1.39,1.4,1.41,1.42,1.43,1.44,1.45,1.46,1.47,1.48,1.49,1.5,1.51,1.52,1.53,1.54,1.55,1.56,1.57,1.58,1.59,1.6,1.61,1.62,1.63,1.64,1.65,1.66,1.67,1.68,1.69,1.7,1.71,1.72,1.73,1.74,1.75,1.76,1.77,1.78,1.79,1.8,1.81,1.82,1.83,1.84,1.85,1.86,1.87,1.88,1.89,1.9,1.91,1.92,1.93,1.94,1.95,1.96,1.97,1.98,1.99,2,2.01,2.02,2.03,2.04,2.05,2.06,2.07,2.08,2.09,2.1,2.11,2.12,2.13,2.14,2.15,2.16,2.17,2.18,2.19,2.2,2.21,2.22,2.23,2.24,2.25,2.26,2.27,2.28,2.29,2.3,2.31,2.32,2.33,2.34,2.35,2.36,2.37,2.38,2.39,2.4,2.41,2.42,2.43,2.44,2.45,2.46,2.47,2.48,2.49,2.5,2.51,2.52,2.53,2.54,2.55,2.56,2.57,2.58,2.59,2.6,2.61,2.62,2.63,2.64,2.65,2.66,2.67,2.68,2.69,2.7,2.71,2.72,2.73,2.74,2.75,2.76,2.77,2.78,2.79,2.8,2.81,2.82,2.83,2.84,2.85,2.86,2.87,2.88,2.89,2.9,2.91,2.92,2.93,2.94,2.95,2.96,2.97,2.98,2.99,3
42.16429646,153.639772,7935.381781,0.00173947,0.001595589,0.00424833,0.006413688,0.004730063,0.001219631,0.000980733,0.001070928,0.001508401,0.001252386,0.005246703,0.001537512,0.002967957,0.000948241,0.000911579,0.001224723,0.003135714,0.001552011,0.001598013,0.002268157,0.001635518,0.004646587,0.001826901,0.003392998,0.003976457,0.002632088,0.006479566,0.005863596,0.006910927,0.004986978,0.00281134,0.009075122,0.004326734,0.001576396,0.002667185,0.00513429,0.006744677,0.004067041,0.003297683,0.008622761,0.005712266,0.004759481,0.013540372,0.01082452,0.003821748,0.045731329,0.004084837,0.007078371,0.011851382,0.00906041,0.008358665,0.003482309,0.003914176,0.007601001,0.008275713,0.012914462,0.004620241,0.014372375,0.02268468,0.012452701,0.006862468,0.010465449,0.013978537,0.01493237,0.0101296,0.045954809,0.04151753,0.005353003,0.020916092,0.035017532,0.050608039,0.014659607,0.084980628,0.02202864,0.026994252,0.081209101,0.14104,0.462388433,0.250913659,0.219139809,0.33121399,0.256226019,0.139070286,0.051740076,0.098973135,0.031531594,0.118133695,0.08109608,0.034121254,0.064662701,0.024972171,0.034280727,0.017990616,0.042981014,0.047174452,0.036409351,0.042052172,0.040835304,0.035137986,0.164280355,0.083577349,0.08973899,0.017747149,0.087968163,0.016825398,0.015720507,0.031738643,0.018702831,0.028693117,0.022831576,0.002374719,0.018573714,0.015662277,0.013815735,0.013310863,0.01090867,0.010171639,0.025173249,0.024560609,0.010862777,0.004508786,0.020957272,0.006338057,0.004960073,0.014793668,0.035256934,0.006291302,0.004981101,0.005838596,0.013496615,0.010035024,0.000516321,0.002956425,0.00325422,0.02162541,0.009742495,0.00591845,0.018685282,0.019961933,0.037795918,0.005170548,0.001033141,0.005605769,0.010210452,0.004138924,0.006374227,0.001914481,0.020225316,0.021633811,0.010753944,0.008487539,0.016711505,0.03394751,0.015064355,0.014275756,0.005193217,0.027403131,0.002052144,0.021226354,0.005282978,0.037771686,0.013762486,0.00569669,0.012560248,0.01109017,0.011729478,0.002808846,0.003904362,0.005993436,0.015543971,0.00457467,0.002776801,0.03715982,0.004760378,0.004031507,0.02130676,0.017986554,0.008097803,0.014616,0.028096537,0.008533333,0.010029402,0.011104173,0.01844026,0.006351683,0.014462758,0.002027832,0.007944829,0.004392378,0.006933694,0.009309645,0.018703903,0.012949638,0.012595853,0.039048359,0.007537423,0.012271269,0.015047653,0.006990226,0.011802552,0.033552094,0.008291125,0.004138028,0.010277913,0.013337674,0.011306281,0.007258699,0.009725809,0.016515846,0.009808987,0.018159928,0.028912905,0.026119764,0.018786365,0.026352893,0.019065886,0.022757742,0.012424125,0.028298199,0.057171892,0.00936115,0.032075833,0.036705908,0.05168658,0.034773044,0.017741011,0.012665731,0.016197677,0.041875946,0.009987609,0.006355805,0.027405968,0.010055102,0.026094287,0.012448223,0.018253659,0.043231701,0.028052749,0.010411063,0.03103891,0.012651383,0.058039566,0.014590852,0.026440563,0.023077245,0.033753224,0.019131097,0.011925188,0.028089108,0.017372903,0.015470937,0.024071843,0.01765413,0.025482259,0.058614983,0.02576905,0.044855492,0.036723792,0.053182046,0.036562754,0.065341185,0.068822264,0.078063091,0.025183243,0.05657911,0.027394343,0.045267992,0.103700881,0.023289126,0.01964495,0.045445943,0.030558268,0.047374498,0.023940046,0.020316586,0.023816611,0.067940065,0.023376806,0.04812063,0.0334947,0.016438143,0.041462115,0.015086282,0.01122473,0.045309467,0.014940259,0.030859702,0.034284933,0.045606002,0.026820471,0.022351652,0.016933968,0.039245597,0.012752705,0.019252129,0.010331878
38.91810924,134.9363565,6847.953521,0.001676433,0.001621389,0.004781728,0.006372524,0.005073418,0.001104742,0.001207274,0.000699149,0.001857001,0.001106252,0.003414914,0.001772299,0.001248061,0.001232948,0.000937103,0.00129505,0.00252173,0.000867146,0.001466972,0.002394892,0.001504644,0.004648315,0.001564683,0.002595972,0.002948668,0.002853067,0.005112732,0.004300323,0.005463028,0.007230706,0.003135612,0.011833532,0.003990611,0.001201869,0.002804865,0.003849174,0.006444306,0.00294125,0.003196657,0.008022706,0.007243017,0.003326595,0.011492955,0.007687633,0.001678804,0.031248313,0.003270649,0.004300428,0.015621303,0.00626093,0.009362627,0.004054884,0.004772378,0.003815381,0.008870186,0.006960465,0.004234513,0.008026885,0.018336123,0.012571597,0.006513983,0.013101754,0.008501906,0.020566461,0.0097686,0.027110829,0.026946955,0.004792125,0.021991154,0.0326987,0.042970359,0.014336481,0.066172506,0.019044907,0.048803666,0.0743418,0.141598806,0.548615521,0.254198752,0.226474055,0.256129383,0.251221537,0.134673726,0.047702482,0.098918232,0.03720127,0.086082692,0.096417105,0.033032293,0.042055896,0.029159052,0.025117212,0.026238686,0.047706392,0.062245767,0.038017574,0.030816723,0.035583513,0.028438953,0.076887919,0.092430833,0.092805485,0.015097293,0.094861816,0.008651382,0.012784758,0.038773066,0.012736488,0.023876256,0.019123552,0.003950825,0.01310914,0.01158076,0.014817074,0.010050983,0.009658278,0.006956222,0.016897915,0.022569714,0.008334329,0.00707663,0.011703156,0.007854374,0.005640274,0.009942063,0.024397273,0.006936985,0.008874247,0.001551288,0.009380815,0.006555213,0.000536867,0.002183687,0.004135908,0.017257217,0.003952434,0.004882701,0.01420112,0.018684458,0.022005462,0.002417004,0.000909887,0.002518564,0.012307105,0.004026115,0.008531319,0.002752261,0.009445457,0.017751445,0.014941048,0.008760939,0.018490769,0.02081078,0.014589214,0.007274718,0.00435936,0.021672728,0.003177423,0.015580769,0.003021628,0.032753981,0.008084145,0.006276202,0.009858614,0.005565972,0.007979519,0.002139837,0.000913933,0.007271019,0.009596323,0.003378564,0.00170348,0.0258186,0.002479745,0.003184359,0.016492995,0.01835034,0.006639427,0.015065729,0.023365516,0.009287999,0.017052939,0.011167589,0.02015108,0.009105012,0.013213964,0.003029388,0.006156905,0.004629839,0.005717247,0.009442261,0.025764201,0.010027169,0.012209041,0.03645172,0.008061267,0.009830374,0.012152876,0.006999532,0.014029272,0.023339049,0.010674902,0.001917629,0.009223929,0.009686613,0.008602309,0.012705195,0.006599924,0.012881996,0.007801707,0.011902009,0.026456348,0.02652555,0.013341398,0.029119934,0.02552025,0.026820392,0.01631714,0.025669588,0.047598273,0.013829975,0.020768032,0.024988461,0.031724914,0.032468503,0.015779733,0.014513281,0.013323045,0.022357691,0.010393665,0.005681245,0.021992077,0.009249713,0.026621466,0.015029934,0.026719864,0.030366901,0.032601965,0.014634873,0.019278619,0.014770374,0.044242625,0.015416497,0.029025353,0.022885869,0.027624282,0.018745141,0.01076393,0.028034016,0.016499574,0.018387867,0.019303402,0.015709365,0.019702288,0.037296338,0.027406969,0.025298055,0.048868204,0.018281982,0.04291386,0.050567742,0.065109383,0.073614299,0.018535254,0.036423011,0.034703364,0.048251655,0.099330779,0.026643968,0.012392913,0.044904034,0.031319807,0.06332751,0.018511752,0.030871256,0.019282262,0.056692705,0.02637658,0.039211018,0.029858688,0.01684928,0.034044247,0.017149929,0.020297732,0.018743048,0.016534642,0.026874154,0.020237148,0.045011678,0.022428254,0.013768786,0.012905469,0.030636421,0.018727516,0.014406355,0.010396388
35.15240358,92.26422921,5002.498485,0.001613758,0.001553297,0.004730377,0.006951187,0.005222689,0.00093724,0.000759184,0.000605343,0.000649154,0.00085978,0.001732221,0.001330541,0.000630579,0.001041509,0.001081836,0.001062601,0.002757573,0.000536543,0.001570462,0.001285465,0.001598249,0.003835422,0.001661196,0.00212281,0.002134339,0.002436852,0.002467111,0.002307303,0.003886587,0.006227839,0.00271106,0.004945041,0.003264997,0.001718867,0.00303734,0.001510519,0.005287527,0.00324564,0.003923972,0.003345485,0.005326369,0.002328194,0.011294268,0.005822352,0.001680588,0.013323414,0.002431674,0.002888141,0.007410194,0.001522761,0.007029362,0.004027592,0.003166875,0.003017771,0.007575903,0.00466953,0.004560846,0.006434622,0.011232755,0.012187786,0.006296399,0.005548395,0.005967226,0.017763966,0.008017696,0.01071046,0.007109654,0.005884502,0.014662375,0.016112977,0.031018265,0.014215271,0.062432378,0.011761641,0.022015767,0.074351332,0.156633635,0.611364147,0.289805268,0.259750604,0.247439908,0.190575241,0.154212449,0.043909791,0.102874142,0.028077236,0.064210132,0.076757681,0.028404788,0.025413585,0.022033015,0.028027884,0.024364004,0.059447933,0.030505513,0.026463112,0.018703125,0.032059384,0.024885444,0.066284655,0.058554448,0.066668598,0.018116951,0.027421859,0.009141752,0.008880537,0.016868349,0.003778599,0.008725194,0.006523127,0.002968706,0.006031722,0.003245774,0.006077193,0.003594429,0.002590538,0.004190721,0.003628477,0.004905598,0.002925154,0.002259516,0.003088692,0.00213628,0.001638986,0.001759076,0.002316982,0.003061323,0.004366638,0.001306021,0.001607768,0.001784409,0.000536281,0.003080695,0.002936076,0.002550401,0.001071992,0.002157442,0.004330908,0.004221944,0.006539661,0.002241927,0.000978802,0.003549463,0.004164906,0.004143681,0.005605218,0.001916984,0.005405549,0.002666493,0.004295848,0.002431951,0.005154191,0.002704819,0.006526985,0.002129737,0.001249976,0.005584218,0.002449668,0.01060373,0.00390003,0.007001868,0.001642922,0.002936713,0.006731344,0.002904457,0.004168373,0.002550901,0.000989564,0.00373716,0.002654353,0.002426457,0.002047227,0.006391844,0.002399233,0.004208643,0.003970066,0.005765229,0.00502176,0.008280788,0.008671306,0.00629006,0.010986009,0.005972938,0.005976818,0.006210422,0.012185988,0.002423013,0.007731879,0.003086631,0.005867707,0.009623346,0.013240118,0.00923369,0.004017161,0.014248362,0.007612762,0.002909977,0.006556594,0.008047789,0.006878529,0.006406855,0.006491124,0.002679889,0.006479225,0.008644283,0.009771848,0.006298698,0.006298973,0.006028751,0.004377296,0.00897556,0.028063053,0.022507235,0.009255308,0.025099732,0.024720832,0.028135108,0.017460277,0.020658667,0.029924068,0.013876336,0.014328387,0.015469225,0.023641885,0.013117755,0.006206375,0.011477239,0.014549589,0.00593343,0.012296194,0.005173756,0.016382285,0.006888834,0.017954889,0.011586144,0.017594464,0.015367893,0.023041508,0.012582597,0.024736081,0.015862907,0.027845215,0.015912167,0.025901429,0.016758142,0.014295932,0.019851171,0.010212823,0.020372175,0.017244273,0.01720517,0.023498477,0.016075472,0.018503967,0.021342606,0.018130378,0.029396084,0.037519398,0.022812056,0.043815435,0.044643962,0.031275016,0.028103126,0.011893785,0.027514304,0.029878969,0.036876139,0.047865927,0.02135497,0.010775554,0.047872944,0.026862552,0.030740313,0.014708183,0.021396364,0.016891085,0.044378852,0.024918931,0.028169119,0.027911204,0.016269589,0.034562245,0.016921804,0.011228677,0.013249954,0.01673741,0.014739811,0.023139268,0.03147015,0.019661494,0.006749433,0.014668996,0.019758689,0.013380423,0.010626752,0.008217955
37.41235513,86.36034597,5168.616551,0.001637558,0.00184673,0.004703176,0.007915908,0.005819474,0.001117699,0.000687655,0.000713188,0.000513466,0.000790506,0.001096383,0.001399766,0.000645355,0.000829344,0.001156577,0.000790368,0.003585836,0.000513395,0.001493491,0.001329961,0.001863553,0.005039534,0.001444857,0.002322427,0.001424652,0.003686158,0.002375266,0.001761174,0.00345701,0.005099171,0.002483543,0.003221705,0.004036797,0.001426458,0.002450469,0.001490029,0.004303399,0.003965925,0.004121514,0.001491205,0.003360953,0.002094682,0.013560489,0.006253116,0.001535897,0.004581712,0.001950261,0.004141777,0.005020458,0.00121172,0.006799951,0.003486086,0.003652267,0.002360315,0.007485279,0.005669105,0.005048454,0.007262921,0.01144426,0.013054548,0.006636468,0.003806629,0.005416961,0.01640114,0.008239597,0.010428985,0.0050115,0.005975015,0.013000042,0.012798894,0.03120483,0.016569286,0.063882476,0.009148464,0.025858884,0.061476889,0.191012139,0.65967991,0.289067224,0.307643087,0.297681062,0.183007066,0.180130232,0.049669545,0.111755589,0.031266636,0.05818018,0.072019323,0.023002243,0.026612003,0.015171942,0.026751477,0.024102026,0.067221619,0.021251299,0.031759645,0.020043763,0.033246071,0.027544079,0.066447188,0.056279287,0.052578549,0.017463812,0.009485866,0.009491417,0.008146158,0.007766222,0.003009147,0.001885273,0.003635096,0.002626026,0.005226922,0.002543311,0.001525984,0.002267352,0.002166241,0.00617478,0.001821082,0.001538308,0.002809341,0.00057261,0.003666899,0.000410114,0.001045495,0.000598113,0.001777261,0.001654067,0.000989487,0.00088163,0.000997638,0.001238079,0.000479039,0.002810456,0.002063637,0.001604067,0.000958927,0.001028088,0.004395315,0.001741165,0.002806949,0.002597907,0.000550154,0.004952429,0.003047231,0.002141273,0.00198838,0.000835121,0.006522043,0.000898592,0.001434522,0.001078702,0.001390952,0.002930892,0.005487923,0.000641207,0.000801031,0.002776566,0.002077409,0.011162736,0.00280517,0.001783639,0.001342029,0.002016737,0.007626973,0.003938848,0.003300658,0.002775666,0.000620653,0.002151879,0.003510432,0.002311353,0.002489883,0.005886285,0.003079241,0.003172404,0.002359137,0.005219168,0.005815265,0.004498276,0.006147861,0.006680199,0.006452321,0.002959237,0.002645569,0.005220765,0.010439879,0.002406704,0.0099069,0.00277707,0.005436936,0.008640061,0.007911591,0.011711304,0.003263378,0.005418271,0.00550785,0.001468617,0.00850826,0.005509118,0.004190065,0.006282444,0.00549139,0.003076383,0.006977034,0.008553289,0.011065706,0.004633862,0.008156386,0.005572819,0.006144643,0.014367792,0.03498571,0.026808035,0.012520002,0.027786663,0.028039709,0.028205738,0.012812521,0.022435888,0.029172855,0.016994397,0.013736405,0.024068336,0.027674655,0.009288476,0.005888424,0.015712753,0.013203089,0.006203937,0.00749793,0.004231203,0.018008984,0.00854731,0.012666016,0.010582593,0.013888964,0.014557658,0.017492672,0.010947361,0.03146634,0.01486357,0.021635775,0.016079828,0.026819995,0.018436496,0.01649676,0.01941044,0.009470251,0.013476945,0.011576111,0.016698344,0.024066483,0.012478128,0.021258091,0.017761091,0.023538601,0.025428119,0.017672268,0.02171921,0.040260652,0.047067069,0.028225848,0.014098269,0.013303479,0.018013925,0.03194985,0.030919019,0.055698189,0.022530581,0.014098785,0.046794061,0.023239646,0.019210558,0.013767113,0.01624994,0.021250335,0.044809813,0.026469268,0.030441296,0.028042396,0.014010711,0.035164426,0.017075364,0.0141445,0.013960302,0.018097501,0.015009489,0.022217968,0.028506078,0.019874949,0.008056515,0.01349273,0.020386525,0.007789529,0.010156906,0.008463281
37.50632049,81.14078966,4696.279055,0.001468088,0.001532182,0.005006283,0.008668583,0.006274451,0.00100639,0.000585756,0.000746983,0.000543439,0.000859092,0.001155325,0.001260166,0.000519852,0.000765512,0.000794379,0.000723059,0.002817647,0.000496952,0.001498471,0.001268314,0.00173872,0.004451137,0.001339659,0.001610912,0.000822233,0.002603011,0.001534834,0.001779793,0.003191335,0.005314717,0.002966338,0.003566442,0.00358634,0.001179908,0.002221853,0.001575904,0.002995418,0.003627862,0.004297536,0.001355282,0.003039954,0.001945703,0.013971252,0.005511677,0.001989052,0.002498471,0.002258652,0.003549307,0.005531803,0.001614275,0.006839023,0.003715637,0.005114469,0.002601659,0.00795968,0.006750966,0.003492625,0.007045701,0.01191271,0.012033039,0.006714932,0.004604249,0.005193143,0.018957984,0.008620459,0.010227801,0.003831762,0.006817069,0.01316418,0.012681448,0.028213502,0.016347127,0.063128193,0.01035289,0.024348574,0.061975401,0.199272561,0.64669748,0.309561584,0.354868865,0.296903726,0.211343474,0.165524435,0.054475403,0.120040344,0.02827787,0.052724476,0.062868888,0.027701462,0.021859427,0.011623168,0.028826998,0.020568855,0.061420251,0.022586512,0.031890489,0.01646437,0.034904975,0.03100814,0.074683634,0.06051515,0.053787178,0.016784918,0.006706358,0.008496274,0.005419183,0.006842953,0.00296363,0.001334859,0.003982112,0.002554433,0.004458911,0.002195562,0.001383693,0.001971118,0.002064173,0.005171156,0.001638913,0.001213025,0.002306343,0.000540204,0.003074351,0.000308581,0.001037481,0.000584003,0.001653962,0.001487956,0.000789032,0.000990029,0.001251405,0.001179219,0.000534623,0.002365413,0.001579677,0.001321103,0.000848129,0.000970701,0.003662167,0.001444221,0.002280109,0.00219788,0.000488476,0.003996557,0.002608402,0.00169635,0.001406556,0.000692324,0.005596128,0.000867421,0.001488418,0.001064979,0.001261421,0.002254743,0.004849965,0.000672778,0.000928279,0.002422323,0.001743618,0.008965517,0.002245376,0.001520953,0.001219311,0.001761052,0.006081495,0.003223119,0.002652054,0.002532639,0.000623443,0.001577489,0.003267126,0.002036987,0.002159356,0.004696765,0.002644495,0.002697424,0.002283973,0.004374993,0.004929242,0.0026816,0.005692218,0.006018598,0.006017365,0.00183357,0.002658284,0.004309885,0.00806219,0.002426373,0.008811541,0.002314869,0.004175486,0.00702316,0.007670827,0.010766263,0.002698257,0.004432294,0.004372063,0.001208922,0.007072126,0.004856704,0.003843283,0.006051685,0.005019743,0.002172381,0.005408567,0.008024684,0.009847051,0.00489635,0.009960215,0.006188057,0.004784659,0.011730536,0.031026986,0.024622518,0.012996063,0.028878107,0.028874231,0.029113842,0.009836232,0.020964764,0.02400165,0.014732969,0.010911516,0.021462305,0.027538751,0.008596745,0.006378047,0.013923737,0.012207218,0.007051222,0.005421961,0.005028556,0.012198686,0.008122984,0.007988778,0.009173166,0.013197339,0.011779535,0.018052648,0.008043186,0.024678382,0.012332785,0.017766585,0.008336582,0.02543395,0.014836178,0.017025799,0.017529978,0.011259551,0.012719922,0.011410763,0.014222214,0.023130865,0.012342461,0.027085951,0.011639962,0.02035708,0.016091423,0.02367732,0.016889424,0.041021145,0.050377999,0.023058049,0.018205001,0.01044003,0.014814476,0.02087736,0.028624585,0.041598109,0.018578571,0.014224991,0.03825342,0.02319438,0.019525382,0.00970698,0.01587855,0.015955018,0.040929797,0.025843487,0.024687731,0.029264342,0.0141656,0.033338032,0.015784901,0.01163229,0.011556392,0.015883254,0.013401054,0.023232241,0.030604794,0.019317447,0.00692793,0.012567123,0.014706784,0.008119976,0.009926168,0.00940893
39.13089561,80.26133073,4400.573686,0.001440704,0.001538839,0.005371722,0.009068314,0.006257673,0.000986813,0.000553245,0.000827029,0.000498875,0.000982548,0.001215866,0.001241591,0.00051969,0.000822108,0.000960527,0.000774908,0.002955832,0.000490641,0.001389883,0.00107597,0.001732656,0.004135354,0.001493463,0.001307088,0.000782298,0.003066593,0.0013557,0.001871368,0.003499596,0.005822906,0.00285046,0.003402413,0.003425712,0.001157749,0.002685439,0.001109148,0.003325485,0.003647286,0.004978172,0.00132216,0.003214383,0.001877369,0.013971796,0.005521682,0.001620075,0.002269865,0.002955459,0.002945868,0.005236456,0.00170501,0.007117664,0.002835646,0.006081313,0.002848905,0.008362803,0.007254767,0.00373523,0.007454748,0.012522028,0.01203904,0.008102553,0.005662672,0.004806158,0.019395284,0.007952574,0.010113466,0.003444085,0.005928783,0.012428119,0.012235394,0.028693811,0.015009422,0.066373061,0.014615414,0.022210919,0.067584505,0.202722814,0.660279645,0.337322741,0.340894372,0.27211579,0.226065638,0.160700876,0.053907149,0.127183551,0.022657807,0.059760992,0.063779867,0.02825063,0.021938042,0.015000344,0.023576729,0.018410791,0.05382792,0.026929438,0.036915674,0.01252615,0.03517328,0.0299722,0.092895256,0.066135124,0.039465525,0.016818189,0.007608265,0.009351586,0.005095762,0.007263695,0.002393109,0.00176583,0.004393502,0.002206417,0.00429114,0.002223698,0.001440968,0.001795977,0.00209717,0.004578943,0.001513079,0.001035942,0.002370717,0.000693247,0.002819007,0.000272291,0.001015879,0.00061179,0.001945043,0.001346947,0.000684561,0.000795218,0.001016094,0.00128857,0.000573126,0.002207655,0.001884074,0.001276592,0.00079086,0.001043251,0.003303164,0.001272157,0.002095408,0.00235708,0.000503411,0.003548338,0.00239407,0.001742991,0.001369371,0.00070386,0.005348866,0.000763104,0.00137547,0.001172369,0.001070087,0.002160204,0.004596245,0.000659049,0.001059239,0.00235714,0.001504346,0.008119788,0.002101614,0.001502576,0.001226824,0.001865841,0.005961916,0.002885167,0.002499704,0.002358712,0.000749397,0.0016633,0.003139432,0.002071274,0.002238521,0.004437147,0.002402667,0.002606508,0.002060764,0.004111342,0.004320078,0.002497915,0.005900004,0.005981897,0.006508335,0.001743207,0.002597915,0.00399148,0.007090967,0.002652527,0.008882404,0.002324477,0.004123843,0.006856421,0.007769836,0.01048234,0.002311311,0.005161178,0.004628696,0.001171112,0.007793465,0.00456434,0.003704511,0.005009068,0.004855117,0.002477412,0.005749393,0.008160427,0.009047343,0.005392221,0.008686068,0.006126565,0.005721524,0.008544171,0.027127408,0.026863633,0.01203107,0.024772548,0.030729955,0.032030355,0.007372588,0.026224235,0.019598091,0.014796081,0.008872127,0.022239994,0.029628911,0.01068306,0.005225206,0.009029247,0.011426274,0.005527571,0.003509459,0.006361079,0.011710732,0.007860283,0.007963265,0.010320129,0.012796293,0.011423341,0.020814115,0.012060926,0.019588595,0.012287893,0.022903357,0.005920322,0.027347018,0.017256632,0.016659526,0.014241685,0.00713164,0.013846841,0.011889623,0.017029948,0.021755616,0.007782342,0.024581743,0.015871922,0.013458828,0.018150753,0.01563604,0.014330796,0.026591238,0.0417709,0.021615486,0.016449264,0.006059919,0.012764802,0.012939061,0.031152472,0.031209555,0.015424753,0.01180412,0.029350928,0.015567232,0.016334834,0.011365399,0.014413898,0.021486574,0.038316019,0.018009359,0.03205786,0.030164355,0.006819537,0.026813661,0.016383399,0.012176625,0.011824435,0.011089259,0.012336401,0.02258007,0.026178105,0.019252007,0.007006619,0.011744773,0.018266661,0.009130565,0.010278366,0.009643812
44.44155009,90.630927,5293.618611,0.001777827,0.001659466,0.005204568,0.009664587,0.006533019,0.00125888,0.000768716,0.001075822,0.00055876,0.001240441,0.001067035,0.001264929,0.000540372,0.000933365,0.001309653,0.000861726,0.004541334,0.000496502,0.001585705,0.001463226,0.001891957,0.006336205,0.001691451,0.00138204,0.000973798,0.00336722,0.002051476,0.001878106,0.003380621,0.006468226,0.002832478,0.003798529,0.004197291,0.001126267,0.003111627,0.001558599,0.003807003,0.004758212,0.005219058,0.001388511,0.003663859,0.001962371,0.015388773,0.00685067,0.00142664,0.002200067,0.003303336,0.004138519,0.004802025,0.002489472,0.007810701,0.003033308,0.007228626,0.004240386,0.0092375,0.007301461,0.003198904,0.008028393,0.013726623,0.016057545,0.008526589,0.007872424,0.005680078,0.020595879,0.007967277,0.011117895,0.005293599,0.007141227,0.013724518,0.013321851,0.029897675,0.015779752,0.072713313,0.018940682,0.024430259,0.081801239,0.204780528,0.688809126,0.359802981,0.37752206,0.292215966,0.211895356,0.140809554,0.041912605,0.133140662,0.0236328,0.058862168,0.070398553,0.029999135,0.022801906,0.019038922,0.023901815,0.022594057,0.066133059,0.028302848,0.042674432,0.018466884,0.040151071,0.031207192,0.107466727,0.071523022,0.046078085,0.017962935,0.00868903,0.011364372,0.007341436,0.008274373,0.003131297,0.001427426,0.004888317,0.002223384,0.006298339,0.002820009,0.001494597,0.002159931,0.002138531,0.007486709,0.002150753,0.001516908,0.003315822,0.00088175,0.0038571,0.000489149,0.001251228,0.000732659,0.002208547,0.001540035,0.001140859,0.000935537,0.001433552,0.0014069,0.000553251,0.003119371,0.002632194,0.001701511,0.000973672,0.001236929,0.005125323,0.00204173,0.003123704,0.002642991,0.000571126,0.006183452,0.003519406,0.00224091,0.00167188,0.000951824,0.00794011,0.000928502,0.0013771,0.00142944,0.001556918,0.003340586,0.006855669,0.000765013,0.001296889,0.002911105,0.002429461,0.013685323,0.003149623,0.002079213,0.001542832,0.002527364,0.009305158,0.004631131,0.003373416,0.002769469,0.000793908,0.002469893,0.004207604,0.002693729,0.003267735,0.006890101,0.003224584,0.003666275,0.002715238,0.006041473,0.006258198,0.004393435,0.006714121,0.007364606,0.007286853,0.002545201,0.001899315,0.00577736,0.009809194,0.003318073,0.012082557,0.003510109,0.004914023,0.008016089,0.009614465,0.013319786,0.003174339,0.005749597,0.005481826,0.000943976,0.009003353,0.004858812,0.004156797,0.006680564,0.006210408,0.002340649,0.006205574,0.007440073,0.011434254,0.006300751,0.008808911,0.004513764,0.007129802,0.010682775,0.029354669,0.027380396,0.013154674,0.027165026,0.03370679,0.03734517,0.008336803,0.024632657,0.021904677,0.015192733,0.009201054,0.02464373,0.029728223,0.010969023,0.00632167,0.008540587,0.011597352,0.007159526,0.003840952,0.006324092,0.014497065,0.008480943,0.007269841,0.010689569,0.01563927,0.014752348,0.021419805,0.010334275,0.033542671,0.011369313,0.019794793,0.005102464,0.019057687,0.015076717,0.018015782,0.008703039,0.007076485,0.012180746,0.010952069,0.019241533,0.023217438,0.008560034,0.025665612,0.008893409,0.012989366,0.01599465,0.013754164,0.013066957,0.023859333,0.037393978,0.019869528,0.015088745,0.007018603,0.008858036,0.011886417,0.021070668,0.032255235,0.016399618,0.014989211,0.036219229,0.020349441,0.016207376,0.014924985,0.016006212,0.015148459,0.033772132,0.020507171,0.034541848,0.028933192,0.007971662,0.025911672,0.016858098,0.016909605,0.016442763,0.012477716,0.013610477,0.014145471,0.023550337,0.012196879,0.009130899,0.010134883,0.019240298,0.005690062,0.010534563,0.008212486
42.45046659,82.54335786,4365.582944,0.001706521,0.001658943,0.005596984,0.008741036,0.006863499,0.001144584,0.000833797,0.001059802,0.000529971,0.001092442,0.001274873,0.000900631,0.000514321,0.000699691,0.00104859,0.000974779,0.003104642,0.000543182,0.001464612,0.00129316,0.001527594,0.004426534,0.001469045,0.001365115,0.000954879,0.002910131,0.001500216,0.001640947,0.002276225,0.006284065,0.002217486,0.003793255,0.003695071,0.001055456,0.003418789,0.001375521,0.003402521,0.004019039,0.005454663,0.001146934,0.004013457,0.001865279,0.014072141,0.00627878,0.001382779,0.002060077,0.004442468,0.003645886,0.004340191,0.00333586,0.007486518,0.003248465,0.007568003,0.00469543,0.007991418,0.007222998,0.003877604,0.00889147,0.014508778,0.018292977,0.008034208,0.008738422,0.006145203,0.020581468,0.007684974,0.012749398,0.005651326,0.008352978,0.012472048,0.014436131,0.034066855,0.015322219,0.076604963,0.026699532,0.02128968,0.086907497,0.243671883,0.686760843,0.382701842,0.455179531,0.301085841,0.23497553,0.165989086,0.04666621,0.132706675,0.021266454,0.067274655,0.066238683,0.034678938,0.02080166,0.017356706,0.026785974,0.025386536,0.08341761,0.026969955,0.034290031,0.021670726,0.042189449,0.025522098,0.100892971,0.068176718,0.057885762,0.018478914,0.007328205,0.01004831,0.006863056,0.008404811,0.002426009,0.001298634,0.004933098,0.00203401,0.004442674,0.002217953,0.001445049,0.001671459,0.001994171,0.004807586,0.001587403,0.001059548,0.002251039,0.000828408,0.002920951,0.000302537,0.001187312,0.000677153,0.002481522,0.001674556,0.000820555,0.000935422,0.001481227,0.001426596,0.000524776,0.002402233,0.002036496,0.001305806,0.000776279,0.001196491,0.003416906,0.001377848,0.002316872,0.002241645,0.000510809,0.003803219,0.002676248,0.001557506,0.001448308,0.000674966,0.005635817,0.0008025,0.001250878,0.001512945,0.001243103,0.00225395,0.005088805,0.000915783,0.001244252,0.002547778,0.001847188,0.008646281,0.00225331,0.001781869,0.001571463,0.001998285,0.006247707,0.003181405,0.002662324,0.002531211,0.000773302,0.001712345,0.003154359,0.002270473,0.002407495,0.005099527,0.002523688,0.00284734,0.002588727,0.004480807,0.005573466,0.002829569,0.005519716,0.006512748,0.006992518,0.002373216,0.001641094,0.004584155,0.00815861,0.003399644,0.010135631,0.003574861,0.004116488,0.007426459,0.008678481,0.01017103,0.00265472,0.004915556,0.004654113,0.001079261,0.006180356,0.00452162,0.004185177,0.005230311,0.006576044,0.001624789,0.00627535,0.006963878,0.008498217,0.005743801,0.011765605,0.00476978,0.006892871,0.009779513,0.03452336,0.030423052,0.014023244,0.030270624,0.03219066,0.032893793,0.010771422,0.025571861,0.021776006,0.015610898,0.011670479,0.025718964,0.028896982,0.009761993,0.00569921,0.007916228,0.011596438,0.005971467,0.004758896,0.004634413,0.011045102,0.006871108,0.006786098,0.009531528,0.011509388,0.008242289,0.017972579,0.008962253,0.022380491,0.009495955,0.015237687,0.003290108,0.011074415,0.010275499,0.016260133,0.006234178,0.005782891,0.007492482,0.009207948,0.018387682,0.020939497,0.006346113,0.029538054,0.007554365,0.012359325,0.015330962,0.016329111,0.011008504,0.028140492,0.041879705,0.020427802,0.019347686,0.012096249,0.008867266,0.009511836,0.023669018,0.036007779,0.025564729,0.011114553,0.03493185,0.025479765,0.017846957,0.016137665,0.019284779,0.014526816,0.034710137,0.022383494,0.03087369,0.033734272,0.00449273,0.025664965,0.017206281,0.011972945,0.016967234,0.014577133,0.014400454,0.011310054,0.02115099,0.011007178,0.006477172,0.010394491,0.012765423,0.004546124,0.010040163,0.005798175
48.86835861,99.67253354,5968.028453,0.002066552,0.001977294,0.005887042,0.008998735,0.007097262,0.001379283,0.001140386,0.001255074,0.000613951,0.001298854,0.001444453,0.001405178,0.000717489,0.00092332,0.001222076,0.001172028,0.005512216,0.000625277,0.00189672,0.001804491,0.00210386,0.007064417,0.001529806,0.001191938,0.001450208,0.003933465,0.00238419,0.001989549,0.003000156,0.006963212,0.00189322,0.003529116,0.005075443,0.001368391,0.003434427,0.001482357,0.004361607,0.005391232,0.006319796,0.001558452,0.004057091,0.002247972,0.015870868,0.008002405,0.001657974,0.002544025,0.005815685,0.005277165,0.006417053,0.004320282,0.007469053,0.00373244,0.008363868,0.007068138,0.009577403,0.008548715,0.004368898,0.009119322,0.016334423,0.017184467,0.008963896,0.013098276,0.007488683,0.021038328,0.008934332,0.015598055,0.004739182,0.009740499,0.013071664,0.015557325,0.038188429,0.020594958,0.074890073,0.029537567,0.019746038,0.085694591,0.281729719,0.700399684,0.388452986,0.481574276,0.354304729,0.273912552,0.229426473,0.080359145,0.12685562,0.023780151,0.084352769,0.075431255,0.030613869,0.022456969,0.020794229,0.028169324,0.027350047,0.071267928,0.027979106,0.044227057,0.017183206,0.048066557,0.022231691,0.083290856,0.076950609,0.046441401,0.01802034,0.008324983,0.011644537,0.00679656,0.010461568,0.003459711,0.001511199,0.005590009,0.002500753,0.006968767,0.003302385,0.001775478,0.00222025,0.002205118,0.008594442,0.002631192,0.0017167,0.003778849,0.00114961,0.004705752,0.0005832,0.001353468,0.00066125,0.002599472,0.001854762,0.001283214,0.001107335,0.001410744,0.001680581,0.00064569,0.003596375,0.003066715,0.001937413,0.000997382,0.001361984,0.005999606,0.002247364,0.003682652,0.003045873,0.000640459,0.00741535,0.004259584,0.002437425,0.002047569,0.001051412,0.009008026,0.001209656,0.001630022,0.001832406,0.001860262,0.004077743,0.008080208,0.001322718,0.001764929,0.003185966,0.002821896,0.015881531,0.003434652,0.00244681,0.001749218,0.002628505,0.01098476,0.005484214,0.00408376,0.002910716,0.000863705,0.002836616,0.004711676,0.003145623,0.004119793,0.00802957,0.003891008,0.00419782,0.002610711,0.00690631,0.006512052,0.0051618,0.006939518,0.007772702,0.007607949,0.00268782,0.003024501,0.006666974,0.01058202,0.003896039,0.01536001,0.003233908,0.005871308,0.008697274,0.009854913,0.015618344,0.003965504,0.005720092,0.005848386,0.001749994,0.009730681,0.004492541,0.005357776,0.007614606,0.00714721,0.00343549,0.006616667,0.008291717,0.012416962,0.005815023,0.013602553,0.007337991,0.009597036,0.013426365,0.037649315,0.036671228,0.014352571,0.032834108,0.031738558,0.03392523,0.014247441,0.033580715,0.029732973,0.018278962,0.011769176,0.030331734,0.034384246,0.013643027,0.007925635,0.009766275,0.014744159,0.007559984,0.00464689,0.007658538,0.018248721,0.009640201,0.010450619,0.014899566,0.016038129,0.014105591,0.022562035,0.014490624,0.03954719,0.011420273,0.018011634,0.005501584,0.013991229,0.014516312,0.020678012,0.010350003,0.007689416,0.00935658,0.009302569,0.02287933,0.024847719,0.009447392,0.028285356,0.009217187,0.013740256,0.017570132,0.018249021,0.012451259,0.031137794,0.045863018,0.022540856,0.022980666,0.013762393,0.011604217,0.01650442,0.029950906,0.040712667,0.033345992,0.013488509,0.042743937,0.029239379,0.020598368,0.019152623,0.020856766,0.017239433,0.038743778,0.022108221,0.038354029,0.034673864,0.008792602,0.025945412,0.021124843,0.020176769,0.019280592,0.017242423,0.014892066,0.013530373,0.026661549,0.013892512,0.01053323,0.011020004,0.018371478,0.004404115,0.0092402,0.006177007
49.09997626,97.75122317,5223.315024,0.002037166,0.001888468,0.007241949,0.010269345,0.007513469,0.001173963,0.00115439,0.001036733,0.000756503,0.001306592,0.001479812,0.001322191,0.000793357,0.001162034,0.001241907,0.001428529,0.004304683,0.000607512,0.001986386,0.001507108,0.002016916,0.005516156,0.0017013,0.001409634,0.001516366,0.003882925,0.002050566,0.00218202,0.00300076,0.007368176,0.002308903,0.003498728,0.004624334,0.001573739,0.003390998,0.001612057,0.004336338,0.004745198,0.006540686,0.001622177,0.004087154,0.00232217,0.014315104,0.007074366,0.001963317,0.002672155,0.00724697,0.00467846,0.008684238,0.004162119,0.007705343,0.003549439,0.008623585,0.007624887,0.008100524,0.010002064,0.004873067,0.008777582,0.015359639,0.022433404,0.008364354,0.016565653,0.008450793,0.02010736,0.009870421,0.020146426,0.006828215,0.009094705,0.013051067,0.019139348,0.038537846,0.021965629,0.077924915,0.030503032,0.019258075,0.097317059,0.265325495,0.908686767,0.492424981,0.529829902,0.46053917,0.242821664,0.254964306,0.08165424,0.137174638,0.020999632,0.089384736,0.083053053,0.034035914,0.021839008,0.020759896,0.030696925,0.029914386,0.08295917,0.031049626,0.046081267,0.027436199,0.047734159,0.042697003,0.103772781,0.073563575,0.054897549,0.020729076,0.007830825,0.011219165,0.008720668,0.009893547,0.003243712,0.001480493,0.005953689,0.002946158,0.005586071,0.00283008,0.001532037,0.002077816,0.002122685,0.006742976,0.002154685,0.001516511,0.003279736,0.001048472,0.003959546,0.000332947,0.001338527,0.000818248,0.002301584,0.001614604,0.000887657,0.001094355,0.001611629,0.001835253,0.000592699,0.003053432,0.002596466,0.001710602,0.000864775,0.001201967,0.004774828,0.001811881,0.003229396,0.003308571,0.000636247,0.005435474,0.003627282,0.002270621,0.001861411,0.000874919,0.007169742,0.001072816,0.001727781,0.001783122,0.001568789,0.003254854,0.006730164,0.001394248,0.001462992,0.003145167,0.002412809,0.012082401,0.003119334,0.002257419,0.001785695,0.002477159,0.008432394,0.004981623,0.003588587,0.002851613,0.000808623,0.002683691,0.004088821,0.002697062,0.003495493,0.006813127,0.003345892,0.003372981,0.003240583,0.005791494,0.006448182,0.004261017,0.005877767,0.007920307,0.007683267,0.002396709,0.002560851,0.005093797,0.009744029,0.004254565,0.012807508,0.004139927,0.005399734,0.008601481,0.010651967,0.012560614,0.003590091,0.005426271,0.005265915,0.00130524,0.008209258,0.005362525,0.006006292,0.006312071,0.007386953,0.00286266,0.00668771,0.008511279,0.010060222,0.005879435,0.011354316,0.006277505,0.01012669,0.011715371,0.035253054,0.036685714,0.012198397,0.031515747,0.042900047,0.035975753,0.013987781,0.026379511,0.02296162,0.016209603,0.009971064,0.027905088,0.030780991,0.010070186,0.006721238,0.008093514,0.013293674,0.005825602,0.005102077,0.006627051,0.014419924,0.00841596,0.00677919,0.011984203,0.012643769,0.012389716,0.018029415,0.010749063,0.027628316,0.012025209,0.012771811,0.004838068,0.011020412,0.012652052,0.017763326,0.008584044,0.007721925,0.009992996,0.010538264,0.023045473,0.024969497,0.008708288,0.028354168,0.006246493,0.013987254,0.016604164,0.014307461,0.008696528,0.02579052,0.044826536,0.019757329,0.018382104,0.008664664,0.010079651,0.012766414,0.022395749,0.033623574,0.024374885,0.012962931,0.033612653,0.020621764,0.018438514,0.016265586,0.017417771,0.017293051,0.031477989,0.020459412,0.032298048,0.033286053,0.006473816,0.027972413,0.017106288,0.012965521,0.015407384,0.013348987,0.013120924,0.013084708,0.021550236,0.012214096,0.007976078,0.010811995,0.016710089,0.00355717,0.00980976,0.006997546
25.8787728,49.45819286,2404.135181,0.001777243,0.001891448,0.006428921,0.012306758,0.003806595,0.001274892,0.001269891,0.000894339,0.000570111,0.001226058,0.001921864,0.001062349,0.000634257,0.00110575,0.001513106,0.001593571,0.002800469,0.001067648,0.001336547,0.001325762,0.001907015,0.004047048,0.001619576,0.00189349,0.001142321,0.002912781,0.002249057,0.001885673,0.003045759,0.007828562,0.003311844,0.003712419,0.005866251,0.001534973,0.003023097,0.001844959,0.004394826,0.004295708,0.005227239,0.001740314,0.004015927,0.001995254,0.00931515,0.007435501,0.001989053,0.003144268,0.014644871,0.004471004,0.020063575,0.004247074,0.007656372,0.003560495,0.007163132,0.009103132,0.007188887,0.013307443,0.007712715,0.009416757,0.016145036,0.020416899,0.007904726,0.018989355,0.011949882,0.015832384,0.013454018,0.022862616,0.006613171,0.00934713,0.013145718,0.025823315,0.035364391,0.029486371,0.086568485,0.05453306,0.025676491,0.095196049,0.248672305,0.623282844,0.583690405,0.550923231,0.569163024,0.321525117,0.295208417,0.085556827,0.123172055,0.023520009,0.103390106,0.090354337,0.031419666,0.025415876,0.030009433,0.036510794,0.030242491,0.09074564,0.026297456,0.041458353,0.019178707,0.04850382,0.079833901,0.142746659,0.069893637,0.064220223,0.019943138,0.010582027,0.006894796,0.007338217,0.009074226,0.002795381,0.001558121,0.005354461,0.002936572,0.004147307,0.002426242,0.001522664,0.002064282,0.001668079,0.0052854,0.001998132,0.000963618,0.002033226,0.000920216,0.003107783,0.000734625,0.001418648,0.000901674,0.00206513,0.001538602,0.000911015,0.001110074,0.001940959,0.001444102,0.000697439,0.002421839,0.001912036,0.001332369,0.000712292,0.001229757,0.003546478,0.001755665,0.002838326,0.002951308,0.000765296,0.003649673,0.003081139,0.002427272,0.001596631,0.001032079,0.005075983,0.000972099,0.001288753,0.001214036,0.001326613,0.001955459,0.004466422,0.001297212,0.001556029,0.002816843,0.001729422,0.008074901,0.002061062,0.002345834,0.001698101,0.00209821,0.006059191,0.0039646,0.002706043,0.003623145,0.001009493,0.001434173,0.003548159,0.002155458,0.002383931,0.00535105,0.002386306,0.002696245,0.003066299,0.004574613,0.005556238,0.003953946,0.005180845,0.005855085,0.005342496,0.002954007,0.004032407,0.005774724,0.007529407,0.004400573,0.009220096,0.00426808,0.004355066,0.008290391,0.01221071,0.00840933,0.003633631,0.005200509,0.003587104,0.001957791,0.006376321,0.005326878,0.006323798,0.006283378,0.009327071,0.003831247,0.00731645,0.010029499,0.007785862,0.005830322,0.015791754,0.008816651,0.012033641,0.010726384,0.042626073,0.041071713,0.016794798,0.042630973,0.065909223,0.047765044,0.018141258,0.03768863,0.037118343,0.018308903,0.018572098,0.030200442,0.029115963,0.01102792,0.008727959,0.010890085,0.016074987,0.006081051,0.004164383,0.009141684,0.013747819,0.008086241,0.010357311,0.011400335,0.01878033,0.008912301,0.024425334,0.00933214,0.031623947,0.013203327,0.017883272,0.00567095,0.015463962,0.01573339,0.020095914,0.0088179,0.010929041,0.011155777,0.011076497,0.0127647,0.020426613,0.012549158,0.027988576,0.010672086,0.009244846,0.014358903,0.02522889,0.012007303,0.02946491,0.039012442,0.024201469,0.027837953,0.013513859,0.0116274,0.015227547,0.030994384,0.034259955,0.038170139,0.013040797,0.040011285,0.02686118,0.019644204,0.022620546,0.02467373,0.019965195,0.041279454,0.026251746,0.04417382,0.038819215,0.007039079,0.016987575,0.017466255,0.012474997,0.019852421,0.017696235,0.014912487,0.010574223,0.032388625,0.008953715,0.010388073,0.010814232,0.012591129,0.006460043,0.01114092,0.008602134
25.27363469,46.86645043,1678.932638,0.001330623,0.001803323,0.006315321,0.011855258,0.005832608,0.000772517,0.001121574,0.000686461,0.000949908,0.001162364,0.002105197,0.000674702,0.000656491,0.00112692,0.001242659,0.001848858,0.001146562,0.001222519,0.001359278,0.000870536,0.001572622,0.001276127,0.001698216,0.001923932,0.000883045,0.002252916,0.002244511,0.001531157,0.00245812,0.007720197,0.003510888,0.003850506,0.005039989,0.001299137,0.003857094,0.001825754,0.003754326,0.002311918,0.004970121,0.002437478,0.003763639,0.001873396,0.009014115,0.007728104,0.00147049,0.002565369,0.016418926,0.004096824,0.021405009,0.005393702,0.007749714,0.003984172,0.009886951,0.008276585,0.006943069,0.014793091,0.008546674,0.010106552,0.0176594,0.021531635,0.007929387,0.021032636,0.012504213,0.018696031,0.009052874,0.024155664,0.008138995,0.012387055,0.0121613,0.027306666,0.045449342,0.02952877,0.094393008,0.059264864,0.030135161,0.097494577,0.246765166,0.668385233,0.681587488,0.538070095,0.604968366,0.465586259,0.261465508,0.13593387,0.163257195,0.027528703,0.100823678,0.092217889,0.065419692,0.034813112,0.03572552,0.03686761,0.036439621,0.102502014,0.032974813,0.04265332,0.031878258,0.058667223,0.075071358,0.198931297,0.086282468,0.074387718,0.019781446,0.012241916,0.00732482,0.007316065,0.008959791,0.002424298,0.001709901,0.005452453,0.002073959,0.00158043,0.001317146,0.001571595,0.001756248,0.001469765,0.001257028,0.001191258,0.000481815,0.000486681,0.000841273,0.00106475,0.000662436,0.001202644,0.001164119,0.002647369,0.001494568,0.000640911,0.000858549,0.002088905,0.001025721,0.000626783,0.001130625,0.001120653,0.000840716,0.000561857,0.001239757,0.000432271,0.000975626,0.00135915,0.002693254,0.000859709,0.000394987,0.001288786,0.002006215,0.00123153,0.000913098,0.001610245,0.000661552,0.001028128,0.00123677,0.000678094,0.000497271,0.001549776,0.001213032,0.001464081,0.002572486,0.000642006,0.001061447,0.001362327,0.001724419,0.001659944,0.002001593,0.001490948,0.002300314,0.001120675,0.002723384,0.00129935,0.000710493,0.00189733,0.001600428,0.00096272,0.003036876,0.001161832,0.001565546,0.003372683,0.003102054,0.004748632,0.002555735,0.002979389,0.004349145,0.004935111,0.002870544,0.004038947,0.003748271,0.004815762,0.005305973,0.005450184,0.005163851,0.003707844,0.007676967,0.011922995,0.001873087,0.003580564,0.004170071,0.002728763,0.001924503,0.004307982,0.005811357,0.006194363,0.003575936,0.009306422,0.003311148,0.006761538,0.008807386,0.003905953,0.007061816,0.012396589,0.008699036,0.011429587,0.007798792,0.03718779,0.038119715,0.020906817,0.040645229,0.08143556,0.048247479,0.015646826,0.037894835,0.034700822,0.022803981,0.014152537,0.03093794,0.027006614,0.010915241,0.008108491,0.011039937,0.014252943,0.006439951,0.004950647,0.00988684,0.008975846,0.006757022,0.010188587,0.009213299,0.020756546,0.004338851,0.023652808,0.008801761,0.025666449,0.013868268,0.01905637,0.009070104,0.016098282,0.019013196,0.020888283,0.009171138,0.012823719,0.014135129,0.012175145,0.010596375,0.02382555,0.012691533,0.027738737,0.010291529,0.009243672,0.010851524,0.026689795,0.01008705,0.040581128,0.043431929,0.027596316,0.02927788,0.019340166,0.014420857,0.01470278,0.036138812,0.042371849,0.050914691,0.017892585,0.039021828,0.032222936,0.022266982,0.019553727,0.027036565,0.023382724,0.046871581,0.028217327,0.047009785,0.045022352,0.010480202,0.017953464,0.016738885,0.01290071,0.023830542,0.012789164,0.013753016,0.009947774,0.034359571,0.008353708,0.008420583,0.009801402,0.009917044,0.006010952,0.013369844,0.009092321
27.25302862,51.57793441,1545.965417,0.001253306,0.001732396,0.007199773,0.010447295,0.008379887,0.001087421,0.001296411,0.000825622,0.000821304,0.001387083,0.002033169,0.00061528,0.000621578,0.00110706,0.001238136,0.002038333,0.001486037,0.001076132,0.001650559,0.000925931,0.001395515,0.001397933,0.002212134,0.001937319,0.001390881,0.002887209,0.002405075,0.001666516,0.002626756,0.008241251,0.003114461,0.003576519,0.005244768,0.001633914,0.004972539,0.001837999,0.003526281,0.0021567,0.00635769,0.002760949,0.004440563,0.00243076,0.011864264,0.007327446,0.002718319,0.002479452,0.019183431,0.006655244,0.022727269,0.008062489,0.008700953,0.004587622,0.010888759,0.009007853,0.011626136,0.015372164,0.01088178,0.009991658,0.016636892,0.020816187,0.0090515,0.023150792,0.012481484,0.02157397,0.012865958,0.027409156,0.009906338,0.010649941,0.011104327,0.023706316,0.035684601,0.040193916,0.087185298,0.066798875,0.035571867,0.125920034,0.26347526,0.682119453,0.700124098,0.572828406,0.538349471,0.379115526,0.337074689,0.187047834,0.112157832,0.03952139,0.107920938,0.068537799,0.062142745,0.031809479,0.033701196,0.039417662,0.043021132,0.098122273,0.030572221,0.064354654,0.029657923,0.050854694,0.071445508,0.155764442,0.088393055,0.065915688,0.020028419,0.010168804,0.011335343,0.006221981,0.008649049,0.002200019,0.001574046,0.006635421,0.002205027,0.001767213,0.001707772,0.001779604,0.001630645,0.00150004,0.001334503,0.001406813,0.000390093,0.00064772,0.000891676,0.001241529,0.000636648,0.001284267,0.001010071,0.002666413,0.001578602,0.000571511,0.000913311,0.002095611,0.001456018,0.000699852,0.001249748,0.001358315,0.000822134,0.000647379,0.001215859,0.000983956,0.000920274,0.001612984,0.002815957,0.000835156,0.000486742,0.001445275,0.001601121,0.001311599,0.000715668,0.001804645,0.000726628,0.001417844,0.001113288,0.000697801,0.000921092,0.001596585,0.001699029,0.001938974,0.002425804,0.000765685,0.000980687,0.001576733,0.001455535,0.001824126,0.001897063,0.001405264,0.002767252,0.001267465,0.002900752,0.001658249,0.000697755,0.001915726,0.001687585,0.001139334,0.002805387,0.001390396,0.001630993,0.002970569,0.003199209,0.004267221,0.002722656,0.003251888,0.005155703,0.00463402,0.002342913,0.005759849,0.004376194,0.005512268,0.006503867,0.005737497,0.005154963,0.004304835,0.008318254,0.011963342,0.003090888,0.003115587,0.005682023,0.002936919,0.003100978,0.004536367,0.005679955,0.007115465,0.004184396,0.010450525,0.003422612,0.007284815,0.008142613,0.00513662,0.006492799,0.011520714,0.009690344,0.011382362,0.008102262,0.035646614,0.036462002,0.018783775,0.0374235,0.075040658,0.050057218,0.017467887,0.034503516,0.031878288,0.026750263,0.016304272,0.031914331,0.025876123,0.010686063,0.007587595,0.009591698,0.014975062,0.006401502,0.00566249,0.008428119,0.007495621,0.00582389,0.008708418,0.01006978,0.007190127,0.004267923,0.012061233,0.004401864,0.013456605,0.012918739,0.007677586,0.005351613,0.006303607,0.01127935,0.016908541,0.004350724,0.014180607,0.012170678,0.007094203,0.009486942,0.020671224,0.0091079,0.03011773,0.009891632,0.011437809,0.011261709,0.023810221,0.010739459,0.032024457,0.040869494,0.028311628,0.029770142,0.013204707,0.013040849,0.013680279,0.034380023,0.035909505,0.046057284,0.02279104,0.036944475,0.026236709,0.026792052,0.026064397,0.026105846,0.025201887,0.040036089,0.024925829,0.046571127,0.048808498,0.006683935,0.01768175,0.017836558,0.00941445,0.015567817,0.015951894,0.014616905,0.01105032,0.0339715,0.010971523,0.007504525,0.00646952,0.010683438,0.007251659,0.012882447,0.008121748
29.48600313,55.37755455,1617.348762,0.0014059,0.00202017,0.007582051,0.01691468,0.008342515,0.001258782,0.001266666,0.000913325,0.000899112,0.001440379,0.002124653,0.000946058,0.000702355,0.001377892,0.001648432,0.002104427,0.001779898,0.001226107,0.001630494,0.001033932,0.001329206,0.001457786,0.00254862,0.002157869,0.001527808,0.003539574,0.002622337,0.001877413,0.002899295,0.00878389,0.003501956,0.004159615,0.005198962,0.001738686,0.005355987,0.002265774,0.004109864,0.003376779,0.006727952,0.002961116,0.004637185,0.002880257,0.012768983,0.007375181,0.003046303,0.003097646,0.020460378,0.008213116,0.023907693,0.009311614,0.009586403,0.005212743,0.011788754,0.009345603,0.013777666,0.016311852,0.010411742,0.010309052,0.017984795,0.022954575,0.01063298,0.024439284,0.010857938,0.021721771,0.016906021,0.029862113,0.006672639,0.01371919,0.011579954,0.026063446,0.038228703,0.045890736,0.090300696,0.074870649,0.040863335,0.163260617,0.252400962,0.780799863,0.597334821,0.497234048,0.475977453,0.430516872,0.370210069,0.156534536,0.136093921,0.04939679,0.113411078,0.08757127,0.07264712,0.037432148,0.031570022,0.043838668,0.039883477,0.113907287,0.029309663,0.04885692,0.026158839,0.057285492,0.103765359,0.159292493,0.102538863,0.094557521,0.022212844,0.008161615,0.009393305,0.009516615,0.009337166,0.002291476,0.001542411,0.006653585,0.003096032,0.00203079,0.001484222,0.001725629,0.001704292,0.001922041,0.001350246,0.001460193,0.000543579,0.000656563,0.001004014,0.001306551,0.000740201,0.001462048,0.001126145,0.002519002,0.001986401,0.0005755,0.001163967,0.002104207,0.001684357,0.000867462,0.001501394,0.001331034,0.000825711,0.000597612,0.001268647,0.001014504,0.001012129,0.001726171,0.003043974,0.000768726,0.000477291,0.001758257,0.001795489,0.001375009,0.000668592,0.00178151,0.000689262,0.001302674,0.001024145,0.0008322,0.000702549,0.001645824,0.001844254,0.002114872,0.002321594,0.00056304,0.000958405,0.001547995,0.001498448,0.001745472,0.001800269,0.001247295,0.002067575,0.000907842,0.003220408,0.001506555,0.000797514,0.002279941,0.001791295,0.000937326,0.00357429,0.001192288,0.001742765,0.003020129,0.002606419,0.004863086,0.002825043,0.003932971,0.004401615,0.004294282,0.002280233,0.006535455,0.004925552,0.004037686,0.007171577,0.007943188,0.00536224,0.004034806,0.008997373,0.010164695,0.002101966,0.003949896,0.005761522,0.003198797,0.002349058,0.005000325,0.007112908,0.006149465,0.003929818,0.010622459,0.004037999,0.008005993,0.009706417,0.00397398,0.00676461,0.013240303,0.008830057,0.010864285,0.007678782,0.037300632,0.041209002,0.020007143,0.040227177,0.094437487,0.059005873,0.023849002,0.046676629,0.050653713,0.024502427,0.020193026,0.032393896,0.03150212,0.012089163,0.010572643,0.008408792,0.015332011,0.00596595,0.00355394,0.009957694,0.009929608,0.007028344,0.009681528,0.009999308,0.006225446,0.004121105,0.009709509,0.005709003,0.011782558,0.012928023,0.008992831,0.005918168,0.005886198,0.010957494,0.016928112,0.004944478,0.012084038,0.010617307,0.006242688,0.011093048,0.020399835,0.00681465,0.020909588,0.012345665,0.00990593,0.010708142,0.022691867,0.012372068,0.045469894,0.043512565,0.025486225,0.032266091,0.02562124,0.01427859,0.018493673,0.040239369,0.052614517,0.06394676,0.021807432,0.043146061,0.036077886,0.027605502,0.029970015,0.032413725,0.026711191,0.04479037,0.023782177,0.040390591,0.050265163,0.010337641,0.012565661,0.019091221,0.008383245,0.016521978,0.016755302,0.01485723,0.012859538,0.031446691,0.008908472,0.008548051,0.007309665,0.010329543,0.007536429,0.011921653,0.008650335
30.9731252,57.96840749,1524.222558,0.001210282,0.001679202,0.009184458,0.017593272,0.007023612,0.00114355,0.001101513,0.000723923,0.0009008,0.001218626,0.002159169,0.000971333,0.000892597,0.00154447,0.0018706,0.002019117,0.001880333,0.001282035,0.001392442,0.000928172,0.001376319,0.001876447,0.0024737,0.001887177,0.001947528,0.003612294,0.002728112,0.001659276,0.002910505,0.008754433,0.00405604,0.004546687,0.005166092,0.002101828,0.00483053,0.002144104,0.004833353,0.004311786,0.006246885,0.003813244,0.004945558,0.003210467,0.012989094,0.007213877,0.003277904,0.003390281,0.020271323,0.00921439,0.024710573,0.008624402,0.010764706,0.004911455,0.011216728,0.00920398,0.014066722,0.016165597,0.01048886,0.011963762,0.018205141,0.022664557,0.010307369,0.02472514,0.010378035,0.020045884,0.01589904,0.026751192,0.008242649,0.016599979,0.011959531,0.026215681,0.050070595,0.055805945,0.093579847,0.063853727,0.042565376,0.172712068,0.296443281,0.801014287,0.669263258,0.525887679,0.605960534,0.358476409,0.370887925,0.203919148,0.159591363,0.046115743,0.095437296,0.094837981,0.053762096,0.034462677,0.034494586,0.036819136,0.045270216,0.108719129,0.039886325,0.06680124,0.031790047,0.051854365,0.098588215,0.221850315,0.083383687,0.077493748,0.021893908,0.0088402,0.008734453,0.007675947,0.00964355,0.001971375,0.001359446,0.006361954,0.002852765,0.002804503,0.001804952,0.001938121,0.001709633,0.002114665,0.001428618,0.001348752,0.000601359,0.000742404,0.001097141,0.001115056,0.000625044,0.00134857,0.001327275,0.002966325,0.001942862,0.000696462,0.00109581,0.002117926,0.001787846,0.000796911,0.001294419,0.001333574,0.000915328,0.00068055,0.001399365,0.000865089,0.000982405,0.001400117,0.003037739,0.00073681,0.000710173,0.001658124,0.001962317,0.001477008,0.000697524,0.002005445,0.000698561,0.001226324,0.001636755,0.000985426,0.000866905,0.00160764,0.001739235,0.00192928,0.002163879,0.000845092,0.001071633,0.001704223,0.00151219,0.001580356,0.002213082,0.001382764,0.002309245,0.000861904,0.003315309,0.001734782,0.000871733,0.001782517,0.001932983,0.001107998,0.002795055,0.001263557,0.001846546,0.002573685,0.002933135,0.004145412,0.002725786,0.002682893,0.004812448,0.004389721,0.002578495,0.006172551,0.004939244,0.004862862,0.008730365,0.007548653,0.005870237,0.00453578,0.008526219,0.010424359,0.003765062,0.002929475,0.006544099,0.003109397,0.003766434,0.004194466,0.006581825,0.007491978,0.003575265,0.010845951,0.004930057,0.007734551,0.011156903,0.004915273,0.006942869,0.012152374,0.008802697,0.011129935,0.003590614,0.034424629,0.039703707,0.015418574,0.042018663,0.08961357,0.053958038,0.024992241,0.035088804,0.033746325,0.024011491,0.021844844,0.031265941,0.018209737,0.012353166,0.009915218,0.006379563,0.013795086,0.006460041,0.00228148,0.009208409,0.005085889,0.005157872,0.00771361,0.009613156,0.00680485,0.005800865,0.008259092,0.003530983,0.00642997,0.012900016,0.006811187,0.004258737,0.008287073,0.011714993,0.015169945,0.005544774,0.010217538,0.009138526,0.006819912,0.010091539,0.017641747,0.009612906,0.015131443,0.007465871,0.00871629,0.010881637,0.011319899,0.012234511,0.040923825,0.031356154,0.018192837,0.015871998,0.018310311,0.01455797,0.016898977,0.022934964,0.042559233,0.052650665,0.020651184,0.035038738,0.029936667,0.024836198,0.028078647,0.023894035,0.023297392,0.033377385,0.017800567,0.035476747,0.042364403,0.010439846,0.012207977,0.014651278,0.007393738,0.013848674,0.012653848,0.012375951,0.012479753,0.026232071,0.009073049,0.008012291,0.007105735,0.01067371,0.007255394,0.011692765,0.008787536
32.64590792,60.86687637,1603.941594,0.001505726,0.00189896,0.009108642,0.012045983,0.008109032,0.001503585,0.001036945,0.000833426,0.000872081,0.001321111,0.002193556,0.001027286,0.000879676,0.001354599,0.001832547,0.002308571,0.00163973,0.001440482,0.001491114,0.001127462,0.001951007,0.001962113,0.002486062,0.001942457,0.001823568,0.003253239,0.003099235,0.001648218,0.003083359,0.00864068,0.004194551,0.004474793,0.005210345,0.002533204,0.004677454,0.002234879,0.005048234,0.003833715,0.006148927,0.00331648,0.005267125,0.002960104,0.013190996,0.008419715,0.004476706,0.003235349,0.021444951,0.009003017,0.024469962,0.00785423,0.010803382,0.005330452,0.011771677,0.009972366,0.013580761,0.017177636,0.011323602,0.010199559,0.017043772,0.023667514,0.008638582,0.02294198,0.010090211,0.021086447,0.01378209,0.027995707,0.007335694,0.021258948,0.012923562,0.032208268,0.050825424,0.047265622,0.099570022,0.080949425,0.029922689,0.117599002,0.308549295,0.921144618,0.683938536,0.49920528,0.692514125,0.462032404,0.396586131,0.163017362,0.204193387,0.029181419,0.092157472,0.105768967,0.06524917,0.040096075,0.031122245,0.034563812,0.046562021,0.125477119,0.038266922,0.041607073,0.029569136,0.058069776,0.09049308,0.232093943,0.100972399,0.099793284,0.022235807,0.014376567,0.009832382,0.010698049,0.008807488,0.002005467,0.001372636,0.004980007,0.00331049,0.002533405,0.001685365,0.001825872,0.002075066,0.001958404,0.001451918,0.001225788,0.000653216,0.000712016,0.001129604,0.001206045,0.000670101,0.00166435,0.001212096,0.003203106,0.001895702,0.000756204,0.000860382,0.002410795,0.002145751,0.000728426,0.001577193,0.001354062,0.001093733,0.000841843,0.001450166,0.000831,0.001015716,0.001745048,0.003258537,0.000691552,0.00085048,0.001666744,0.00234037,0.001578902,0.000584809,0.001751198,0.000972928,0.001654524,0.001866987,0.001395436,0.000813162,0.00181135,0.001614155,0.002107753,0.002432465,0.000634787,0.001126719,0.001525049,0.001393883,0.001596008,0.001618384,0.001401775,0.001956379,0.000853272,0.003331264,0.001516819,0.000773093,0.002014502,0.001569708,0.000969956,0.003724388,0.001358074,0.002228889,0.003000533,0.002985244,0.005113226,0.00251437,0.001485562,0.004821134,0.004555661,0.003626642,0.006471221,0.004476365,0.004880394,0.009564882,0.007850163,0.004338504,0.004462849,0.008721378,0.005807502,0.001915993,0.00277381,0.004924656,0.002626754,0.00302862,0.004630752,0.006499456,0.007747324,0.003754242,0.010382133,0.004953924,0.007697707,0.011488709,0.004061272,0.007731669,0.01503556,0.008583624,0.012017596,0.004148248,0.040674531,0.040629234,0.022307226,0.04962888,0.107611275,0.058461858,0.029780244,0.030027485,0.052142129,0.022502107,0.021996577,0.033316431,0.016085883,0.01387111,0.008141506,0.006955387,0.012925092,0.005893264,0.003299102,0.009438817,0.00567676,0.005156116,0.008015335,0.008959035,0.004900269,0.007002428,0.009100865,0.003555817,0.006306074,0.013358956,0.006250467,0.004953582,0.006664368,0.010813744,0.017235249,0.006252499,0.012424821,0.009150372,0.006583232,0.012032562,0.017142711,0.008479046,0.014203603,0.007789713,0.008981125,0.010211963,0.013978683,0.013546101,0.039230571,0.029943789,0.016249373,0.018727598,0.022292038,0.014401084,0.017043713,0.02839217,0.048162311,0.055872267,0.023716968,0.042765129,0.035275224,0.036062879,0.039274517,0.033573524,0.029602675,0.04982244,0.023692266,0.049184119,0.054428941,0.009659679,0.013503294,0.020408361,0.00698604,0.01656194,0.018435835,0.015328341,0.015536219,0.034026786,0.011546974,0.010357771,0.009138279,0.011638734,0.008360385,0.013596584,0.009071438
33.8090922,63.24678249,1637.252967,0.001215423,0.001637105,0.008535105,0.022478069,0.009353204,0.001537168,0.001170158,0.000995819,0.000858484,0.001450411,0.001896462,0.000947986,0.000537195,0.001433885,0.001585933,0.001951031,0.001750616,0.001404319,0.002079093,0.000647848,0.002277542,0.001460122,0.002300171,0.002021773,0.002398333,0.002526469,0.002393074,0.00203555,0.003479781,0.009351351,0.004864562,0.004175068,0.005454518,0.002347558,0.004642372,0.00142641,0.00514215,0.004004685,0.006772528,0.003488277,0.006077879,0.003347139,0.015590305,0.010384298,0.005490376,0.004419501,0.02152113,0.008931346,0.025161966,0.008162537,0.010406061,0.005777968,0.011698956,0.010422812,0.014745575,0.017326915,0.011350837,0.011721513,0.019349542,0.017494652,0.009422733,0.024116208,0.010916591,0.023611125,0.013682488,0.02678537,0.009408062,0.01830015,0.010979696,0.039505711,0.046255199,0.040667967,0.071260192,0.067892734,0.036843902,0.100881949,0.297766124,0.807988482,0.862127903,0.589704826,0.761922564,0.417252364,0.360689937,0.222950505,0.182640468,0.058088441,0.088545145,0.087153782,0.064527829,0.037381119,0.021581161,0.031992768,0.030874355,0.07179393,0.034459517,0.042100184,0.012747737,0.043584737,0.098843899,0.188210977,0.091884724,0.037150659,0.017999669,0.018494267,0.011111265,0.003576958,0.0077828,0.001634366,0.000958379,0.00484183,0.002776057,0.00221776,0.001710003,0.001801582,0.00214781,0.001899099,0.001701184,0.001349815,0.000696667,0.00066359,0.001450834,0.001377457,0.000639266,0.001504692,0.001324155,0.002921373,0.001579661,0.000625957,0.001128794,0.001989948,0.002290836,0.00073075,0.001410309,0.001572097,0.001064315,0.000628213,0.00138061,0.001248998,0.001113853,0.001482751,0.00342854,0.000881298,0.000621357,0.00172387,0.002690783,0.001416602,0.000608229,0.002169681,0.000903359,0.001389145,0.002033999,0.001217871,0.001075161,0.001650094,0.002249938,0.002518687,0.001509377,0.000839942,0.001236889,0.000827653,0.001287595,0.001460336,0.000890051,0.001301276,0.001811769,0.000982301,0.004158861,0.001850798,0.000520131,0.002251951,0.00171257,0.001113875,0.002241781,0.001270811,0.001478494,0.002371267,0.003224675,0.002026643,0.001381701,0.001350567,0.0045012,0.00501396,0.002605429,0.006686558,0.004024971,0.005199448,0.009414886,0.00735701,0.003403528,0.005798815,0.007609244,0.004247412,0.003147664,0.0022479,0.006151301,0.002110945,0.00347987,0.004950327,0.005882486,0.008035012,0.003543263,0.009046417,0.006092698,0.005584482,0.011193944,0.005917108,0.006698005,0.010790732,0.010538849,0.012984542,0.004791862,0.030107074,0.038471821,0.021114057,0.044717151,0.088667439,0.053603554,0.033146165,0.028829082,0.035039485,0.025715416,0.018884419,0.032319428,0.016018172,0.016272841,0.011439898,0.006525169,0.013080244,0.004153535,0.003884678,0.01099474,0.003801787,0.004715352,0.007746821,0.011399618,0.006626031,0.007554351,0.009816958,0.003913005,0.00661931,0.012276565,0.005966076,0.005124717,0.008966659,0.013138142,0.017833909,0.004863122,0.013794955,0.013158055,0.005632913,0.011726338,0.017929265,0.009878159,0.014308042,0.00954016,0.010057865,0.01101738,0.016713329,0.014468176,0.051608731,0.039131638,0.022231328,0.021378174,0.029539313,0.017704065,0.021167176,0.033663507,0.061326435,0.06838598,0.028515204,0.044737683,0.044123945,0.038644238,0.040914078,0.03016418,0.032756507,0.046361914,0.021032157,0.045535185,0.059031033,0.016608839,0.01644984,0.019369037,0.009162441,0.016066203,0.015845212,0.013407466,0.017524336,0.029370191,0.013048401,0.011422751,0.009195772,0.013583004,0.007609739,0.016079698,0.009581184
36.28616007,68.8252697,1663.958728,0.001521273,0.001629206,0.012442388,0.020851878,0.009721578,0.00137111,0.000979203,0.001038988,0.001056777,0.001495094,0.001924075,0.001323187,0.001061857,0.001103315,0.00159072,0.002016149,0.001892667,0.001348835,0.002402548,0.000602747,0.002523428,0.001624675,0.002139229,0.001701684,0.003257709,0.003332396,0.003338959,0.001917669,0.004175415,0.010638938,0.004260522,0.003706283,0.005531749,0.002786937,0.006093018,0.001600618,0.005266975,0.004939213,0.007918444,0.004734217,0.005371214,0.004085539,0.01686197,0.010391437,0.004285085,0.005650409,0.022184388,0.011884432,0.028260492,0.010522636,0.009631547,0.006329533,0.011501797,0.009656359,0.018587535,0.018091762,0.012710926,0.01151575,0.021818241,0.017209008,0.007381495,0.025737589,0.013494794,0.02337888,0.014740288,0.031127115,0.007144868,0.018037212,0.009071382,0.037153193,0.0615818,0.043391563,0.065835902,0.071490099,0.055886316,0.163433243,0.318407194,0.850407282,0.861216158,0.504596969,0.721502228,0.561276848,0.315378823,0.205755512,0.217832997,0.084532248,0.084196148,0.09465086,0.069579428,0.037896761,0.034942177,0.031446843,0.032429974,0.053380063,0.04123463,0.041894562,0.038757367,0.053840398,0.11471019,0.213752293,0.098509949,0.028353164,0.023167085,0.011323943,0.012770697,0.002986405,0.007101911,0.002022218,0.001091174,0.005490489,0.003642898,0.001731879,0.001773575,0.002014728,0.001865765,0.002026984,0.001355059,0.001009135,0.000900681,0.000837127,0.001507823,0.001373605,0.000705048,0.00130605,0.002059499,0.003499116,0.001586385,0.00071331,0.001262931,0.001930353,0.001674128,0.000792963,0.001687217,0.001414975,0.000956327,0.000966484,0.001682654,0.001236983,0.000801917,0.001650635,0.003201014,0.000948423,0.00108312,0.001314354,0.002514379,0.001508869,0.000383021,0.001748135,0.00064219,0.00150874,0.001605368,0.000892234,0.000964989,0.001641863,0.001665929,0.00203423,0.001330426,0.000956433,0.001385987,0.000962608,0.001127463,0.001449443,0.000935523,0.001143113,0.001460499,0.001226601,0.003076539,0.001587588,0.000646756,0.002015564,0.001565813,0.001408111,0.001759484,0.00110431,0.001768067,0.003179572,0.002542882,0.001277718,0.001182213,0.001166286,0.00436074,0.005115141,0.002619197,0.006120885,0.00284923,0.004717273,0.010094204,0.006464651,0.003907992,0.004093755,0.007314722,0.002751824,0.002094186,0.002451207,0.005087566,0.001915195,0.001956049,0.004665013,0.006882897,0.007254315,0.003685984,0.008466967,0.004769451,0.004022296,0.008132103,0.0032285,0.007990546,0.007675038,0.004911582,0.011082059,0.004446272,0.016528713,0.036607368,0.019765622,0.028644381,0.097430203,0.05183683,0.020225177,0.036098164,0.025453768,0.023987346,0.011527046,0.029466716,0.017734296,0.013805345,0.009265971,0.007822323,0.008870648,0.003280292,0.004917885,0.008973865,0.004646888,0.005381465,0.008233256,0.010178674,0.00586125,0.005739671,0.008450052,0.003103246,0.005255179,0.010972996,0.006135346,0.006265111,0.007496208,0.014178367,0.016020175,0.004790438,0.008333014,0.010845658,0.007793307,0.016973293,0.020902158,0.006640473,0.012801991,0.008898236,0.012160706,0.011232793,0.017192958,0.015878583,0.046394312,0.034430783,0.021431906,0.02227067,0.028210332,0.013703962,0.019216896,0.036692593,0.072070764,0.064738116,0.0328177,0.04872096,0.044876945,0.050631369,0.059286432,0.039898951,0.044190703,0.066361093,0.02798337,0.063533183,0.074815763,0.016986938,0.017630257,0.027747245,0.010022028,0.018587836,0.020361155,0.020009787,0.02122051,0.038874561,0.014180723,0.013487526,0.014547527,0.014920872,0.009292437,0.018218415,0.00924884
19.32561615,37.63820003,835.8378327,0.001345055,0.001621971,0.009607995,0.026077585,0.015691415,0.001189645,0.001643819,0.001622886,0.000935031,0.001437713,0.001811024,0.001456291,0.001084945,0.001521011,0.001234835,0.00228748,0.002082346,0.001663612,0.002456752,0.001088715,0.001978639,0.00198476,0.002266643,0.002239708,0.003384072,0.003255743,0.003048964,0.002114893,0.00471793,0.010734846,0.005377806,0.003953764,0.004088246,0.003380356,0.005939152,0.001514379,0.006271042,0.00494343,0.007711616,0.003332415,0.00789937,0.008317062,0.016455254,0.008710388,0.00739704,0.005532081,0.014834879,0.024556419,0.023506946,0.01019596,0.0110193,0.005957672,0.014715085,0.012190475,0.018069954,0.016355102,0.019394558,0.013609461,0.021058152,0.018380605,0.011665017,0.026460537,0.011912715,0.025574531,0.014153366,0.035662539,0.007194749,0.013703576,0.01052954,0.049153394,0.053554264,0.06586531,0.073124089,0.078139064,0.067700497,0.14646899,0.328424149,0.885687621,0.667088595,0.490309171,0.848510611,0.189407769,0.245297071,0.086280289,0.194942357,0.038013222,0.088140272,0.100248829,0.064595822,0.016886804,0.026663661,0.037694165,0.02980519,0.047678389,0.048431551,0.049960507,0.041169221,0.039289006,0.107555957,0.234567534,0.095384825,0.023038316,0.016726296,0.015302643,0.009732967,0.002305483,0.007212075,0.001620492,0.001580661,0.00534088,0.002092294,0.003998287,0.001520483,0.001747103,0.001964609,0.002215896,0.002002255,0.001544689,0.000963645,0.00080856,0.001264785,0.001337215,0.000747956,0.001556984,0.002381804,0.004238129,0.001457356,0.000544775,0.001151604,0.00161141,0.002608986,0.000815446,0.001162602,0.001548949,0.000911741,0.000523947,0.001546486,0.000766754,0.001220097,0.001621555,0.003566439,0.000838771,0.00133993,0.001115701,0.002830435,0.001483944,0.000512687,0.001899491,0.000517499,0.001618929,0.002579201,0.001061833,0.000939054,0.001521928,0.001711541,0.001960924,0.001524202,0.001115549,0.001098941,0.00214869,0.001366364,0.00147196,0.000867152,0.001056443,0.001934375,0.001487078,0.003721319,0.002216962,0.000901474,0.002001835,0.001670815,0.001522473,0.002224862,0.001171546,0.001578925,0.002740009,0.002644178,0.001487138,0.001772433,0.001303922,0.004628687,0.005133648,0.004111063,0.006335438,0.003366614,0.005164255,0.011442637,0.007441609,0.004047987,0.003252544,0.007560723,0.002409465,0.003405743,0.002013294,0.003344616,0.001855911,0.00340672,0.004065862,0.006505872,0.007013729,0.002516417,0.0066788,0.004631844,0.003690373,0.011077249,0.002409252,0.006126594,0.006307554,0.003721894,0.010717201,0.005007533,0.014154099,0.032045769,0.023841066,0.033151298,0.067293472,0.038085545,0.02577054,0.042228819,0.012679716,0.026342184,0.016033916,0.026917457,0.016511851,0.013448712,0.009696654,0.006553071,0.00356674,0.003505153,0.006641064,0.008652954,0.005782056,0.004441521,0.007426714,0.011240629,0.005329161,0.006680239,0.007967888,0.003726865,0.005040606,0.012029502,0.004273222,0.006195772,0.009672404,0.011490884,0.011205242,0.006316084,0.007422766,0.012154431,0.006744125,0.014994469,0.017695905,0.007202479,0.014142877,0.008481886,0.010069376,0.01314633,0.014863231,0.017101137,0.044472486,0.035763875,0.02271527,0.024675973,0.029919462,0.016596012,0.018720393,0.037181161,0.073840824,0.054768408,0.039095846,0.038551002,0.056415471,0.045665633,0.07014054,0.029603416,0.039809607,0.054957121,0.021813071,0.069224125,0.074181217,0.019343414,0.020772057,0.031596809,0.013463271,0.011781111,0.018350035,0.019669321,0.022266267,0.034089238,0.014924377,0.014473607,0.022748307,0.016094348,0.009672328,0.016871051,0.008929441
21.81538391,41.91400264,924.6028652,0.001165603,0.001975086,0.01490561,0.022930322,0.015874088,0.001106115,0.001546117,0.002002595,0.001151713,0.001713233,0.002082731,0.001644611,0.001202017,0.001395621,0.001683118,0.002242942,0.002050347,0.001717293,0.003017408,0.001319493,0.001968958,0.002587427,0.002682779,0.00271882,0.004588465,0.003350306,0.003167497,0.002492518,0.005202191,0.010658686,0.005070684,0.003924153,0.004877077,0.003180599,0.006032232,0.001900783,0.007273308,0.00577303,0.010363901,0.005450345,0.009244419,0.009839843,0.018834877,0.012612889,0.007566434,0.005503904,0.019410247,0.026226061,0.024179363,0.013074642,0.014495135,0.008205562,0.015534643,0.014193081,0.020052678,0.015748266,0.024947197,0.013606693,0.024231073,0.01697114,0.014594348,0.02874638,0.013590402,0.02489243,0.017699363,0.035218889,0.008206513,0.018105665,0.018080949,0.044621152,0.073194216,0.078526376,0.076896151,0.092323078,0.073849681,0.13486627,0.384382334,0.979810847,0.986076299,0.463252045,0.778455535,0.414931033,0.234128301,0.154376614,0.223124003,0.116920493,0.096571232,0.097641255,0.069758969,0.030041247,0.050471516,0.035801256,0.044467193,0.061655026,0.050591088,0.046564279,0.059588406,0.028272269,0.125003135,0.268441311,0.087404005,0.01988368,0.029148395,0.018950434,0.015018095,0.003566451,0.009687111,0.002378513,0.001198344,0.00542492,0.002614981,0.003870811,0.002065017,0.002019013,0.002487905,0.002565311,0.001858451,0.001815882,0.001310329,0.001114871,0.001989403,0.001580304,0.001156248,0.001994358,0.002759524,0.00483348,0.001924043,0.001118638,0.001312352,0.002348259,0.002765677,0.000967594,0.001283125,0.002060111,0.001623613,0.00113652,0.001740592,0.00148512,0.001843418,0.00215431,0.003612387,0.000974478,0.001777334,0.001244113,0.002630299,0.001630562,0.000370611,0.001933555,0.000664897,0.002007528,0.002796689,0.000980551,0.000673557,0.001835135,0.001804565,0.002311794,0.001568148,0.00159442,0.001339189,0.002429334,0.001372313,0.001804397,0.00103487,0.00131273,0.002352563,0.001453676,0.004330047,0.002386554,0.000685984,0.001942823,0.001918095,0.001654201,0.002516112,0.001312519,0.002067704,0.003024086,0.003224687,0.001680775,0.001629653,0.001584354,0.004632056,0.005138845,0.00337393,0.0071483,0.003285015,0.004500717,0.011801819,0.007683927,0.00488446,0.003450799,0.007911191,0.002559285,0.003703229,0.002013327,0.004567756,0.002710577,0.004424363,0.005408213,0.007904189,0.007300452,0.003646137,0.00821013,0.005014946,0.00404955,0.010179895,0.003060585,0.008339213,0.008926717,0.004550043,0.012894129,0.004811793,0.011904636,0.03712193,0.025512022,0.029857494,0.089196559,0.051050227,0.033027332,0.042227591,0.020368944,0.029471383,0.020398992,0.027509842,0.015795586,0.016464544,0.007369955,0.007104359,0.006616044,0.004878046,0.009339413,0.007647531,0.009230458,0.004260887,0.010736323,0.013493665,0.005366139,0.006413527,0.008802117,0.003879834,0.00784163,0.012670083,0.004541177,0.007082203,0.010798781,0.015150587,0.012044241,0.006493504,0.008876702,0.012816648,0.008544494,0.018037788,0.019194424,0.008677636,0.014876058,0.010365656,0.012011172,0.014566549,0.017332166,0.017252779,0.057616364,0.047207856,0.028773806,0.030968305,0.042739378,0.020554919,0.025442726,0.045204644,0.096706088,0.077456884,0.047359221,0.04717011,0.059682527,0.051387295,0.07719459,0.025614959,0.044348413,0.048751313,0.014210182,0.059858402,0.083478063,0.026360251,0.026228921,0.021719861,0.013980378,0.013600722,0.01276124,0.013580114,0.022998184,0.018382793,0.015970366,0.017642504,0.02303909,0.017551342,0.005084443,0.018862303,0.008153332
23.88869453,46.74310585,899.4222314,0.001282571,0.001683545,0.01529327,0.030971976,0.016199851,0.001725411,0.001367469,0.001750354,0.00119725,0.001572805,0.001980916,0.001793322,0.001448487,0.001732793,0.002430453,0.002567478,0.002411675,0.001976357,0.002599306,0.001274112,0.003263089,0.002659581,0.0031879,0.002714765,0.005392638,0.004065897,0.002616914,0.002648449,0.005816952,0.011368388,0.00580217,0.005532859,0.006372731,0.00463034,0.007552814,0.001986691,0.007816569,0.006504051,0.010381503,0.005173137,0.01007732,0.011320851,0.020536473,0.013704908,0.008561512,0.005460983,0.020802862,0.026798291,0.026378746,0.01365769,0.013692009,0.007870106,0.017284768,0.017011651,0.017940512,0.015359876,0.023810548,0.013779415,0.024011342,0.019102067,0.015159968,0.032755168,0.015031156,0.03239204,0.014162607,0.036736231,0.009744278,0.015595707,0.020228464,0.056404313,0.083580743,0.079875895,0.092069158,0.089940987,0.08252425,0.229384092,0.440806123,0.995348863,1.064514193,0.532712119,0.872587568,0.422540125,0.235402404,0.208998385,0.237609386,0.063783949,0.097080786,0.121426019,0.095369001,0.030527743,0.057693634,0.041265384,0.050727483,0.059282101,0.049368773,0.050021326,0.075154852,0.046417379,0.137159758,0.259233325,0.091845618,0.032160189,0.024719114,0.022966388,0.015612822,0.003644031,0.008844589,0.002182775,0.001836169,0.006045777,0.002838012,0.003578929,0.002013883,0.002090425,0.002831549,0.002531902,0.002134238,0.001925656,0.001269713,0.000870571,0.001674001,0.001571937,0.001208801,0.002043835,0.003009716,0.005095476,0.001999431,0.000956343,0.00152151,0.001800527,0.002666793,0.000810956,0.001272809,0.001854186,0.00128113,0.000983239,0.001832975,0.001312537,0.001877739,0.00206228,0.003783699,0.001184189,0.002041271,0.001604753,0.002833686,0.001765833,0.000881629,0.001962417,0.000874719,0.001880419,0.002822964,0.001165882,0.001010648,0.001763923,0.002225393,0.002531502,0.002081516,0.001702631,0.001861926,0.003118917,0.002185411,0.001921177,0.001147212,0.001424104,0.002265366,0.001674878,0.004608942,0.002299844,0.0008759,0.002771889,0.002274053,0.001563949,0.002432261,0.001313935,0.002680181,0.003025637,0.003354534,0.001639804,0.002062282,0.001525666,0.00502673,0.005451889,0.004124465,0.007110115,0.002991121,0.004648849,0.010340571,0.008398041,0.005453907,0.004009998,0.007562835,0.003165606,0.00361823,0.002822793,0.005246495,0.002610447,0.003654293,0.006539563,0.007461856,0.008303041,0.003545264,0.008999156,0.006122286,0.004010926,0.012451943,0.003203773,0.008014049,0.010581715,0.005050258,0.012399672,0.006786994,0.015766096,0.040205017,0.025532414,0.038678211,0.091453502,0.051089738,0.033976019,0.048636515,0.016141996,0.019844438,0.016649671,0.029240001,0.017610794,0.020271971,0.012282021,0.007977298,0.009198189,0.005120647,0.01137224,0.011164011,0.010269473,0.004706604,0.012499134,0.016199752,0.006956209,0.005530558,0.011067202,0.004287226,0.008919466,0.017041997,0.005258622,0.006616889,0.012345984,0.018061573,0.014420618,0.005426109,0.00975479,0.015613927,0.008459894,0.024156082,0.020515383,0.009390659,0.016479615,0.004669495,0.012678851,0.017108927,0.013379664,0.010139129,0.018340251,0.020823976,0.014460018,0.022367838,0.012965721,0.008583721,0.015920626,0.027060925,0.070181666,0.014414475,0.049134831,0.013913348,0.012212198,0.040965488,0.093345194,0.006215217,0.049464325,0.029548003,0.004898449,0.061229069,0.082607045,0.025459857,0.033931809,0.016648373,0.013157583,0.00644019,0.008021225,0.013122773,0.024790584,0.016031843,0.015781301,0.018301968,0.028659139,0.020186167,0.006157781,0.021592458,0.009597689
23.45218656,51.09755004,997.5247858,0.001373581,0.002189589,0.010018734,0.03495441,0.017744799,0.00163032,0.001756564,0.001930091,0.001308456,0.001410251,0.001996314,0.001772204,0.001243997,0.001455602,0.001590814,0.002541184,0.002015328,0.001750498,0.002656496,0.001657064,0.002512763,0.002288274,0.00303151,0.003013433,0.00523446,0.003668812,0.003216318,0.002618157,0.006460106,0.012002088,0.00584418,0.00434882,0.006937907,0.004574943,0.006424387,0.002277407,0.008334856,0.007024157,0.01110572,0.005157787,0.011340429,0.013127981,0.022462503,0.013822822,0.008305547,0.008065238,0.020102195,0.024764497,0.030469995,0.013386282,0.014400215,0.007975513,0.018547054,0.017403553,0.021224588,0.022199545,0.025116107,0.01251697,0.024599196,0.022981625,0.018871427,0.032630996,0.015886314,0.034757167,0.02267193,0.037590375,0.013672467,0.022744781,0.022275842,0.055520498,0.083920369,0.078654677,0.097169061,0.086763214,0.083468487,0.20503653,0.434687355,0.895880639,1.262915554,0.670385694,1.040421394,0.497529457,0.264597435,0.171018419,0.230695913,0.133305671,0.09618474,0.135549134,0.099074325,0.029352492,0.075693478,0.044097557,0.035273389,0.061047893,0.060247005,0.046599913,0.076151002,0.045843069,0.129364846,0.282651029,0.112499219,0.022356563,0.022298371,0.018533485,0.013706091,0.003663954,0.009264679,0.002626364,0.001858598,0.005636836,0.002772501,0.00442289,0.001333766,0.002730984,0.002806322,0.002649558,0.002410665,0.001541176,0.001307421,0.001112887,0.001676472,0.001498394,0.001259908,0.001369269,0.003074771,0.00540178,0.002396107,0.001512698,0.001667644,0.002671497,0.002000793,0.000912388,0.001410915,0.002199929,0.001634239,0.000756931,0.002091158,0.000872764,0.00246495,0.001224743,0.003686476,0.001187838,0.002380783,0.001785627,0.002253191,0.001765297,0.000553237,0.002109609,0.000653118,0.001436504,0.002633721,0.001108912,0.001038102,0.002184861,0.002463236,0.002359466,0.001966864,0.001203688,0.001947895,0.003573323,0.002369755,0.001556329,0.001217682,0.001515092,0.002580731,0.001655304,0.004329967,0.002842891,0.001010032,0.002765943,0.002302508,0.001837496,0.002390348,0.001200381,0.002795458,0.003534746,0.003623847,0.001733573,0.002413289,0.001655832,0.004765145,0.005497037,0.004983997,0.007217109,0.003663956,0.004759549,0.0114015,0.008432876,0.005703203,0.004285957,0.007972118,0.002938739,0.003530121,0.002506665,0.005710568,0.002615283,0.005540854,0.006901811,0.007307978,0.008057042,0.00446905,0.009426337,0.006468957,0.003740162,0.012691867,0.003806585,0.008085731,0.010032084,0.006087379,0.014854379,0.00845562,0.018736339,0.039678618,0.027250992,0.038016548,0.112913241,0.057293099,0.024264247,0.054097716,0.022099397,0.031684986,0.017638452,0.030608097,0.017845762,0.019292428,0.013387638,0.00923709,0.00868197,0.005844834,0.013811647,0.011558338,0.014219011,0.004885117,0.016548393,0.018042502,0.008071158,0.007766246,0.01413774,0.005117785,0.015324305,0.019658205,0.005927157,0.009995381,0.013662482,0.019569928,0.016066991,0.009044731,0.012411841,0.018446143,0.01191167,0.029986604,0.021898451,0.008141881,0.017011009,0.007142677,0.014358962,0.021023616,0.017589836,0.011621172,0.020205753,0.023704487,0.016240003,0.028618533,0.013855645,0.012724563,0.021066524,0.031532494,0.073132337,0.015740565,0.045899878,0.01857358,0.014308936,0.046245063,0.112622076,0.007707903,0.054611624,0.032018841,0.005930577,0.076283664,0.09050833,0.036099086,0.043557922,0.01732789,0.013658256,0.006604505,0.008657633,0.011222288,0.02677017,0.017820828,0.018762517,0.019695067,0.030523084,0.021223748,0.006307595,0.022505117,0.009034768
18.03314207,54.02415171,975.7929281,0.001194151,0.002496585,0.010411122,0.013807472,0.016563949,0.00147571,0.001757848,0.001560831,0.001069608,0.001146251,0.002133438,0.001596914,0.001321673,0.001418376,0.002106651,0.001934995,0.002270525,0.001669621,0.002994958,0.001241193,0.002938657,0.001503884,0.002826705,0.003034442,0.006044959,0.005797312,0.003470407,0.002508729,0.006476975,0.013168511,0.004812579,0.006380762,0.007245702,0.005418808,0.006381681,0.00369907,0.009914451,0.005460249,0.013749648,0.00782127,0.008812533,0.010940068,0.022448112,0.013584688,0.00809052,0.009269564,0.027119149,0.027958178,0.030832485,0.017576576,0.014938773,0.008827873,0.019103347,0.016208122,0.021374512,0.021165273,0.030989054,0.012476691,0.022574595,0.025739044,0.017174277,0.034451555,0.017660749,0.034664665,0.022207427,0.042354618,0.012083635,0.020835023,0.019496611,0.047770534,0.062169628,0.104213744,0.099039722,0.086329921,0.086681868,0.13475285,0.37845339,0.920631529,1.251684197,0.659430361,0.921874624,0.191279459,0.250893196,0.122401201,0.15483738,0.157780222,0.08708285,0.127716873,0.075916912,0.022917085,0.036409782,0.044374188,0.02877885,0.044049826,0.043244459,0.042329912,0.048931019,0.032592376,0.094848845,0.149208864,0.11898203,0.038399785,0.021287203,0.023425961,0.01226187,0.002916226,0.007585375,0.001939787,0.001820422,0.005730238,0.002978315,0.005837654,0.000748321,0.002383318,0.003026589,0.002623185,0.002326682,0.001109468,0.001304054,0.001062707,0.001697254,0.001701496,0.001469645,0.001929535,0.001654292,0.003502845,0.00245149,0.001304858,0.001397281,0.001919624,0.002115644,0.000969244,0.001732406,0.001928743,0.001626653,0.000661094,0.001267146,0.001099107,0.00263866,0.001306474,0.003760875,0.001324205,0.002295786,0.00170383,0.002028236,0.00186395,0.001021946,0.001657049,0.000775249,0.001353051,0.001854807,0.001105183,0.000927478,0.001805581,0.002646538,0.002929208,0.002511046,0.001370903,0.00174274,0.004636861,0.001911822,0.002166934,0.000798764,0.000636024,0.003079542,0.000987002,0.00278913,0.00318944,0.001021309,0.002256673,0.00164879,0.0020399,0.002488394,0.001524679,0.001591044,0.002655908,0.003554409,0.001867647,0.002551255,0.002765446,0.006370733,0.006096539,0.005415074,0.008625016,0.004437959,0.005865279,0.014651847,0.009122589,0.004637049,0.005471542,0.008900131,0.003349583,0.004477014,0.002052575,0.006925263,0.002168675,0.005907558,0.006960925,0.005451915,0.008973722,0.0038627,0.009130632,0.00574163,0.003609812,0.011426872,0.003655559,0.007105289,0.009666696,0.00631761,0.013021767,0.007769807,0.019233111,0.036421278,0.029893105,0.038437905,0.091298833,0.045657913,0.040975637,0.045419059,0.025355634,0.029026237,0.015341652,0.03437146,0.015054894,0.024617332,0.005825904,0.009265236,0.012577064,0.004494406,0.014970877,0.013183836,0.017193178,0.004284718,0.02218163,0.023017394,0.007712594,0.008164914,0.016920962,0.006772216,0.022931448,0.023980552,0.005264606,0.009056403,0.013703127,0.016369848,0.016465399,0.010543036,0.013244319,0.017548912,0.010804854,0.032516982,0.021351713,0.009234072,0.015476728,0.005014427,0.016949364,0.021488495,0.019409122,0.014906474,0.019770137,0.023830498,0.017016559,0.028074334,0.014629979,0.010980039,0.028183352,0.030317531,0.065634186,0.028908972,0.043136564,0.019039891,0.014701456,0.050806742,0.119742257,0.005971829,0.057361257,0.027982004,0.008258542,0.085932025,0.093069462,0.048522472,0.045162942,0.020242509,0.015042466,0.005994452,0.008820916,0.012062148,0.026889213,0.019450291,0.018793486,0.018557755,0.030422373,0.018325664,0.007126127,0.024199726,0.00791907
5.401835269,32.22726486,502.938394,0.002097299,0.003087493,0.003399326,0.008081076,0.009951275,0.002380845,0.001982613,0.001464949,0.001340274,0.001410048,0.002231315,0.00131012,0.001291031,0.001850772,0.002381329,0.001430947,0.002008627,0.000843499,0.0021793,0.001064346,0.003105933,0.0036501,0.003250663,0.002925039,0.008919414,0.010947093,0.00680447,0.002249781,0.009973374,0.012586999,0.005698962,0.009779211,0.008484186,0.005156886,0.008111204,0.003543644,0.009660785,0.005740567,0.012920395,0.011725758,0.01294816,0.01400445,0.02349939,0.023754946,0.006871597,0.008510455,0.039579142,0.03583636,0.035206477,0.019283892,0.023813487,0.018353005,0.023225708,0.019541178,0.029220086,0.028114058,0.029184265,0.01948414,0.026944232,0.03370113,0.02453856,0.030074497,0.022347584,0.029669228,0.027840597,0.040202544,0.022900591,0.025521063,0.030357616,0.043249578,0.024862053,0.076678112,0.104554539,0.051769808,0.060290739,0.270149084,0.372436367,0.467924079,1.111874187,0.962113067,0.769990717,0.349929717,0.169380266,0.077783147,0.085637583,0.04427253,0.047881225,0.031381602,0.065148477,0.023898379,0.040472815,0.03167448,0.025124833,0.028349645,0.038632492,0.03539034,0.043532424,0.031339738,0.023317773,0.053934203,0.078992069,0.080406052,0.013721038,0.007441833,0.007471729,0.00389254,0.005900711,0.002419142,0.00133009,0.00161569,0.002202599,0.003771651,0.001359177,0.001450637,0.002958768,0.002323546,0.001320195,0.001583085,0.000787023,0.001027408,0.001565371,0.00137271,0.001498436,0.001142673,0.001398865,0.001438117,0.001265196,0.001158407,0.001697532,0.002292983,0.002016336,0.000993217,0.001864572,0.001196424,0.001180985,0.000561664,0.001381913,0.000647278,0.000719575,0.001015165,0.002642371,0.001755719,0.000817104,0.0010477,0.001082135,0.001308262,0.000942727,0.001371277,0.000647819,0.001249137,0.000751792,0.001275751,0.000658255,0.003163095,0.001843111,0.001916477,0.001289253,0.001377536,0.001863872,0.003834948,0.001250793,0.001646744,0.001120095,0.00094605,0.002792471,0.001332967,0.00081041,0.003334692,0.001646434,0.001765116,0.002317202,0.001282585,0.00157805,0.001352347,0.001880753,0.002874009,0.002100262,0.0010475,0.003481938,0.002716314,0.005619621,0.006617362,0.006520491,0.009135842,0.005347233,0.007353554,0.018353872,0.010996522,0.005443384,0.008179582,0.008161107,0.003774089,0.005874611,0.002375517,0.008037577,0.00411602,0.011019796,0.009390707,0.005430865,0.007992102,0.004381394,0.010364248,0.005960803,0.004098892,0.007456681,0.002613989,0.006301411,0.009995266,0.008777225,0.011641273,0.010271625,0.01528714,0.030393797,0.009572956,0.036228258,0.077154832,0.042843503,0.036839219,0.031157717,0.013654218,0.033476229,0.023401215,0.051702613,0.012765278,0.033248191,0.007286852,0.007471585,0.02150692,0.008757507,0.012376847,0.017450263,0.022680729,0.006174367,0.039544605,0.026151235,0.019209594,0.011412215,0.022001875,0.012167836,0.034534521,0.033325227,0.006219334,0.020843768,0.012500811,0.025081751,0.014918428,0.015930059,0.01404672,0.020728391,0.010369493,0.063894738,0.031302523,0.016595742,0.021692709,0.014739309,0.022614109,0.023824157,0.030971071,0.032096376,0.018112127,0.027616581,0.039007794,0.023265807,0.022608147,0.026097787,0.060503834,0.033638292,0.109172696,0.025538805,0.058186865,0.020981032,0.020524021,0.131232796,0.16358899,0.017176059,0.103026602,0.063013941,0.068438169,0.097575682,0.150219811,0.081316377,0.052745636,0.038869876,0.023003394,0.018255643,0.007895138,0.026171123,0.034993166,0.026198392,0.015826424,0.034340767,0.046947474,0.031094037,0.007216537,0.016107569,0.011054662
1.305545667,14.30621539,278.6194195,0.00064037,0.001554561,0.001227932,0.003782554,0.003881531,0.001207441,0.001195812,0.000574818,0.000940857,0.000776823,0.001070263,0.000789571,0.001065613,0.000864576,0.001061065,0.001048423,0.000502776,0.000692763,0.000709995,0.000813451,0.001916445,0.001449016,0.001517834,0.00381235,0.009615383,0.009831037,0.005963744,0.002285908,0.008240798,0.00491275,0.005685396,0.004681225,0.007255774,0.008623596,0.008065137,0.007703309,0.008806194,0.00791058,0.011294026,0.013081934,0.013398052,0.015245146,0.012632542,0.011876887,0.015855864,0.01657839,0.016848569,0.024522952,0.025751266,0.020090116,0.014534253,0.029660963,0.021133844,0.026980482,0.018500272,0.025892895,0.027038152,0.031539356,0.018851782,0.018440191,0.028551656,0.021024222,0.009928091,0.02407461,0.03425406,0.019132845,0.019423572,0.01867399,0.010844843,0.023584167,0.004116362,0.061249215,0.044790502,0.024829154,0.032895657,0.04006705,0.117499541,0.124599387,0.118005947,0.508324654,0.098797302,0.143683754,0.115857381,0.014561117,0.008189979,0.029661104,0.014351559,0.015055583,0.026123946,0.022818788,0.011243055,0.010400614,0.011510309,0.026807958,0.011061433,0.012758458,0.01219603,0.01885817,0.012165868,0.017337373,0.034171844,0.01649501,0.009642255,0.003159297,0.004910626,0.00236921,0.001725006,0.003356318,0.001656582,0.00186561,0.001973937,0.002327618,0.001030396,0.001188019,0.001387755,0.000625786,0.00067235,0.001320362,0.000538619,0.001035061,0.000444821,0.000812328,0.001318391,0.000780531,0.00062285,0.001679108,0.001167386,0.000583989,0.000906318,0.000449417,0.000627573,0.001097172,0.000434585,0.001006466,0.000700303,0.000828276,0.000539487,0.000549322,0.000368077,0.000425802,0.001084474,0.001001649,0.000854815,0.001095521,0.000655898,0.000544151,0.000596168,0.000774954,0.000417945,0.00051429,0.000346673,0.000632945,0.000734344,0.001264907,0.001391319,0.001066822,0.000890176,0.001095067,0.00112096,0.001327477,0.001260599,0.000653493,0.000581732,0.00108837,0.000585008,0.000287217,0.000812902,0.000900311,0.000307996,0.001007051,0.002659879,0.001105972,0.001279539,0.001544177,0.000701512,0.000420735,0.001277952,0.001880367,0.005393841,0.002339615,0.005242179,0.005738076,0.008103599,0.011633084,0.00988504,0.017275465,0.036551359,0.014954874,0.009044923,0.010200191,0.009383368,0.005869193,0.005507217,0.005106795,0.013517045,0.005654084,0.012964885,0.010847052,0.010392126,0.006023171,0.005376877,0.005737414,0.008886288,0.003095145,0.005920965,0.002151092,0.003597461,0.002337462,0.007189177,0.00776762,0.007040568,0.006598758,0.012746069,0.006505164,0.014834995,0.046246376,0.010474392,0.012139325,0.01923981,0.013206782,0.016751534,0.01820873,0.020935383,0.008398125,0.023417699,0.01391949,0.027308289,0.022699133,0.026744367,0.011600216,0.011107726,0.033197077,0.004829097,0.053134943,0.027162666,0.028875786,0.014039194,0.042086408,0.017396799,0.041008764,0.04408188,0.011078108,0.054984571,0.026209714,0.02059845,0.013148633,0.013150752,0.018099489,0.016980217,0.0099635,0.053074446,0.026021857,0.018193789,0.011075695,0.016305988,0.018713134,0.017026937,0.045026104,0.04276835,0.020183635,0.0232521,0.038374838,0.037758222,0.025803708,0.047423928,0.104005478,0.06767309,0.123477303,0.096169104,0.103619988,0.069316902,0.059031354,0.123465535,0.190803316,0.037564785,0.117235365,0.138507773,0.104144191,0.133377152,0.160967936,0.114689136,0.074565905,0.041431308,0.034683083,0.056016207,0.038270153,0.031523617,0.034771029,0.034923401,0.019499831,0.045468789,0.083951717,0.03300907,0.008743231,0.010497896,0.012564852
0.034746091,0.604365266,14.37118602,0.000955988,0.001075067,0.001273444,0.001623363,0.002108969,0.000923573,0.000793249,0.000888639,0.001091139,0.001161455,0.00114433,0.00091385,0.001356047,0.000817282,0.00062346,0.000819251,0.000774371,0.000666428,0.001049535,0.000817601,0.001412811,0.001472648,0.003735725,0.010150477,0.005792791,0.00421409,0.003548145,0.006261937,0.008625268,0.008321241,0.007552606,0.003873615,0.008622688,0.008488983,0.006653669,0.010829183,0.022525348,0.019236666,0.010635152,0.020485509,0.02976281,0.015892262,0.02167122,0.021832821,0.018798933,0.020357038,0.029062692,0.012856122,0.017872937,0.030323326,0.018351138,0.015229193,0.02017011,0.011460856,0.005315552,0.019882815,0.017448617,0.010111784,0.011959678,0.012097134,0.006459937,0.00831772,0.01556999,0.010274217,0.008868287,0.015738117,0.01518436,0.007800304,0.014126282,0.011417821,0.007759695,0.00841142,0.016163003,0.021469133,0.035907292,0.061219429,0.131632963,0.143092411,0.324993287,0.621813108,0.351181057,0.164573774,0.066066949,0.047170777,0.037766469,0.0248005,0.021081552,0.027219409,0.020635353,0.014799066,0.010632941,0.015525434,0.026813041,0.020314991,0.025168065,0.011515333,0.011977467,0.019289921,0.030377267,0.03490018,0.020241851,0.01901027,0.0295071,0.023186797,0.004697463,0.008386237,0.008418327,0.01163219,0.009168479,0.004103207,0.011078714,0.005313614,0.002353857,0.00229529,0.002251125,0.001695603,0.003276485,0.00112883,0.000655247,0.00114307,0.001729812,0.001013778,0.000538043,0.00157489,0.001503294,0.000512389,0.000437827,0.001328168,0.001610413,0.00217085,0.000530956,0.001366791,0.000999753,0.000456709,0.000690111,0.001428523,0.000815919,0.001610567,0.001725069,0.001313257,0.000631891,0.000656849,0.001041195,0.000683226,0.000393518,0.001529696,0.000856703,0.000845047,0.001464116,0.001009899,0.001012421,0.001146923,0.000851446,0.000397943,0.000645924,0.000785739,0.001015157,0.000552559,0.000440096,0.000935167,0.002102445,0.001162021,0.000685173,0.001127358,0.000777431,0.000772018,0.000939626,0.001172792,0.000923884,0.001281356,0.000901404,0.000795566,0.000646311,0.000728807,0.000813014,0.000751083,0.000539348,0.000296679,0.000357437,0.001043125,0.001128653,0.001244827,0.001626877,0.002584845,0.001279219,0.00138373,0.003806466,0.008334917,0.004863524,0.009156435,0.019931688,0.006985999,0.005339426,0.004957877,0.003579131,0.002543874,0.003056569,0.017353237,0.029676303,0.013924372,0.025409956,0.030194629,0.019071972,0.010422334,0.028104099,0.022430196,0.012431176,0.007783468,0.01208784,0.007426428,0.019626358,0.033927957,0.026991965,0.015453206,0.02669748,0.023590745,0.018816911,0.025857932,0.018418261,0.031061543,0.016287445,0.029527213,0.034309282,0.044783633,0.067402955,0.03128073,0.014049169,0.035015383,0.034455922,0.01358551,0.020772559,0.032713263,0.030196178,0.054428113,0.018623512,0.043523976,0.053595862,0.047623995,0.021286323,0.051789281,0.028136854,0.040830746,0.042459552,0.055899833,0.064593295,0.039920106,0.045730851,0.098055683,0.077503719,0.032682782,0.01655334,0.029165427,0.043591118,0.07565411,0.054084168,0.045185643,0.033952636,0.039777997,0.023703778,0.051175692,0.058696946,0.067465866,0.079402333,0.075949544,0.10949583,0.109349353,0.139033943,0.110229455,0.081556092,0.109774843,0.123481394,0.191499795,0.271385757,0.145221706,0.099797579,0.119201341,0.131644896,0.231632431,0.158423121,0.150515777,0.106700366,0.084138922,0.09289403,0.073679046,0.139025991,0.139261862,0.081579253,0.039330321,0.042665014,0.052571377,0.093914344,0.085690382,0.084262438,0.11412526,0.030726604,0.036594961